Name of Earth Meteorite,ID of Earth Meteorite,Name Type,Recclass,Mass (g),Year,Latitude,Longitude,Coordinates
Aachen,1,Valid,L5,,1880-01-01T00:00:00.000,50.775000,6.083330,"[6.08333, 50.775]"
Aarhus,2,Valid,H6,,1951-01-01T00:00:00.000,56.183330,10.233330,"[10.23333, 56.18333]"
Abee,6,Valid,EH4,,1952-01-01T00:00:00.000,54.216670,-113.000000,"[-113, 54.21667]"
Acapulco,10,Valid,Acapulcoite,,1976-01-01T00:00:00.000,16.883330,-99.900000,"[-99.9, 16.88333]"
Achiras,370,Valid,L6,,1902-01-01T00:00:00.000,-33.166670,-64.950000,"[-64.95, -33.16667]"
Adhi Kot,379,Valid,EH4,,1919-01-01T00:00:00.000,32.100000,71.800000,"[71.8, 32.1]"
Adzhi-Bogdo (stone),390,Valid,LL3-6,,1949-01-01T00:00:00.000,44.833330,95.166670,"[95.16667, 44.83333]"
Agen,392,Valid,H5,,1814-01-01T00:00:00.000,44.216670,0.616670,"[0.61667, 44.21667]"
Aguada,398,Valid,L6,,1930-01-01T00:00:00.000,-31.600000,-65.233330,"[-65.23333, -31.6]"
Aguila Blanca,417,Valid,L,,1920-01-01T00:00:00.000,-30.866670,-64.550000,"[-64.55, -30.86667]"
Aioun el Atrouss,423,Valid,Diogenite-pm,,1974-01-01T00:00:00.000,16.398060,-9.570280,"[-9.57028, 16.39806]"
Aïr,424,Valid,L6,,1925-01-01T00:00:00.000,19.083330,8.383330,"[8.38333, 19.08333]"
Aire-sur-la-Lys,425,Valid,Unknown,,1769-01-01T00:00:00.000,50.666670,2.333330,"[2.33333, 50.66667]"
Akaba,426,Valid,L6,,1949-01-01T00:00:00.000,29.516670,35.050000,"[35.05, 29.51667]"
Akbarpur,427,Valid,H4,,1838-01-01T00:00:00.000,29.716670,77.950000,"[77.95, 29.71667]"
Akwanga,432,Valid,H,,1959-01-01T00:00:00.000,8.916670,8.433330,"[8.43333, 8.91667]"
Akyumak,433,Valid,"Iron, IVA",,1981-01-01T00:00:00.000,39.916670,42.816670,"[42.81667, 39.91667]"
Al Rais,446,Valid,CR2-an,,1957-01-01T00:00:00.000,24.416670,39.516670,"[39.51667, 24.41667]"
Al Zarnkh,447,Valid,LL5,,2001-01-01T00:00:00.000,13.660330,28.960000,"[28.96, 13.66033]"
Alais,448,Valid,CI1,,1806-01-01T00:00:00.000,44.116670,4.083330,"[4.08333, 44.11667]"
Albareto,453,Valid,L/LL4,,1766-01-01T00:00:00.000,44.650000,11.016670,"[11.01667, 44.65]"
Alberta,454,Valid,L,,1949-01-01T00:00:00.000,2.000000,22.666670,"[22.66667, 2]"
Alby sur Chéran,458,Valid,Eucrite-mmict,,2002-01-01T00:00:00.000,45.821330,6.015330,"[6.01533, 45.82133]"
Aldsworth,461,Valid,LL5,,1835-01-01T00:00:00.000,51.783330,-1.783330,"[-1.78333, 51.78333]"
Aleppo,462,Valid,L6,,1873-01-01T00:00:00.000,36.233330,37.133330,"[37.13333, 36.23333]"
Alessandria,463,Valid,H5,,1860-01-01T00:00:00.000,44.883330,8.750000,"[8.75, 44.88333]"
Alexandrovsky,465,Valid,H4,,1900-01-01T00:00:00.000,50.950000,31.816670,"[31.81667, 50.95]"
Alfianello,466,Valid,L6,,1883-01-01T00:00:00.000,45.266670,10.150000,"[10.15, 45.26667]"
Allegan,2276,Valid,H5,,1899-01-01T00:00:00.000,42.533330,-85.883330,"[-85.88333, 42.53333]"
Allende,2278,Valid,CV3,,1969-01-01T00:00:00.000,26.966670,-105.316670,"[-105.31667, 26.96667]"
Almahata Sitta,48915,Valid,Ureilite-an,,2008-01-01T00:00:00.000,20.745750,32.412750,"[32.41275, 20.74575]"
Alta'ameem,2284,Valid,LL5,,1977-01-01T00:00:00.000,35.273330,44.215560,"[44.21556, 35.27333]"
Ambapur Nagla,2290,Valid,H5,,1895-01-01T00:00:00.000,27.666670,78.250000,"[78.25, 27.66667]"
Andhara,2294,Valid,Stone-uncl,,1880-01-01T00:00:00.000,26.583330,85.566670,"[85.56667, 26.58333]"
Andover,2295,Valid,L6,,1898-01-01T00:00:00.000,44.616670,-70.750000,"[-70.75, 44.61667]"
Andreevka,2296,Valid,L3,,1969-01-01T00:00:00.000,48.700000,37.500000,"[37.5, 48.7]"
Andura,2298,Valid,H6,,1939-01-01T00:00:00.000,20.883330,76.866670,"[76.86667, 20.88333]"
Northwest Africa 5815,50693,Valid,L5,,,0.000000,0.000000,"[0, 0]"
Angers,2301,Valid,L6,,1822-01-01T00:00:00.000,47.466670,-0.550000,"[-0.55, 47.46667]"
Angra dos Reis (stone),2302,Valid,Angrite,,1869-01-01T00:00:00.000,-22.966670,-44.316670,"[-44.31667, -22.96667]"
Ankober,2304,Valid,H4,,1942-01-01T00:00:00.000,9.533330,39.716670,"[39.71667, 9.53333]"
Anlong,2305,Valid,H5,,1971-01-01T00:00:00.000,25.150000,105.183330,"[105.18333, 25.15]"
Aomori,2313,Valid,L6,,1984-01-01T00:00:00.000,40.810560,140.785560,"[140.78556, 40.81056]"
Appley Bridge,2318,Valid,LL6,,1914-01-01T00:00:00.000,53.583330,-2.716670,"[-2.71667, 53.58333]"
Apt,2320,Valid,L6,,1803-01-01T00:00:00.000,43.866670,5.383330,"[5.38333, 43.86667]"
Arbol Solo,2325,Valid,H5,,1954-01-01T00:00:00.000,-33.000000,-66.000000,"[-66, -33]"
Archie,2329,Valid,H6,,1932-01-01T00:00:00.000,38.500000,-94.300000,"[-94.3, 38.5]"
Arroyo Aguiar,2340,Valid,H5,,1950-01-01T00:00:00.000,-31.416670,-60.666670,"[-60.66667, -31.41667]"
Asco,2345,Valid,H6,,1805-01-01T00:00:00.000,42.450000,9.033330,"[9.03333, 42.45]"
Ash Creek,48954,Valid,L6,,2009-01-01T00:00:00.000,31.805000,-97.010000,"[-97.01, 31.805]"
Ashdon,2346,Valid,L6,,1923-01-01T00:00:00.000,52.050000,0.300000,"[0.3, 52.05]"
Assisi,2353,Valid,H5,,1886-01-01T00:00:00.000,43.033330,12.550000,"[12.55, 43.03333]"
Atarra,4883,Valid,L4,,1920-01-01T00:00:00.000,25.254170,80.625000,"[80.625, 25.25417]"
Atemajac,4884,Valid,L6,,1896-01-01T00:00:00.000,20.066670,-103.666670,"[-103.66667, 20.06667]"
Athens,4885,Valid,LL6,,1933-01-01T00:00:00.000,34.750000,-87.000000,"[-87, 34.75]"
Atoka,4888,Valid,L6,,1945-01-01T00:00:00.000,34.316670,-96.150000,"[-96.15, 34.31667]"
Aubres,4893,Valid,Aubrite,,1836-01-01T00:00:00.000,44.383330,5.166670,"[5.16667, 44.38333]"
Aumale,4899,Valid,L6,,1865-01-01T00:00:00.000,36.166670,3.666670,"[3.66667, 36.16667]"
Aumieres,4900,Valid,L6,,1842-01-01T00:00:00.000,44.333330,3.233330,"[3.23333, 44.33333]"
Ausson,4903,Valid,L5,,1858-01-01T00:00:00.000,43.083330,0.583330,"[0.58333, 43.08333]"
Avanhandava,4905,Valid,H4,,1952-01-01T00:00:00.000,-21.460280,-49.950830,"[-49.95083, -21.46028]"
Avce,4906,Valid,"Iron, IIAB",,1908-01-01T00:00:00.000,46.000000,13.500000,"[13.5, 46]"
Avilez,4907,Valid,H,,1855-01-01T00:00:00.000,25.000000,-103.500000,"[-103.5, 25]"
Awere,4910,Valid,L4,,1968-01-01T00:00:00.000,2.716670,32.833330,"[32.83333, 2.71667]"
Aztec,4913,Valid,L6,,1938-01-01T00:00:00.000,36.800000,-108.000000,"[-108, 36.8]"
Bachmut,4917,Valid,L6,,1814-01-01T00:00:00.000,48.600000,38.000000,"[38, 48.6]"
Bahjoi,4922,Valid,"Iron, IAB-sLL",,1934-01-01T00:00:00.000,28.483330,78.500000,"[78.5, 28.48333]"
Bald Mountain,4925,Valid,L4,,1929-01-01T00:00:00.000,35.966670,-82.483330,"[-82.48333, 35.96667]"
Baldwyn,4926,Valid,L6,,1922-01-01T00:00:00.000,34.500000,-88.666670,"[-88.66667, 34.5]"
Bali,4928,Valid,CV3,,1907-01-01T00:00:00.000,5.383330,16.383330,"[16.38333, 5.38333]"
Ban Rong Du,4934,Valid,"Iron, ungrouped",,1993-01-01T00:00:00.000,16.666670,101.183330,"[101.18333, 16.66667]"
Bandong,4935,Valid,LL6,,1871-01-01T00:00:00.000,-6.916670,107.600000,"[107.6, -6.91667]"
Bansur,4936,Valid,L6,,1892-01-01T00:00:00.000,27.700000,76.333330,"[76.33333, 27.7]"
Banswal,4937,Valid,L5,,1913-01-01T00:00:00.000,30.400000,78.200000,"[78.2, 30.4]"
Banten,4938,Valid,CM2,,1933-01-01T00:00:00.000,-6.333330,106.000000,"[106, -6.33333]"
Barbotan,4942,Valid,H5,,1790-01-01T00:00:00.000,43.950000,-0.050000,"[-0.05, 43.95]"
Barcelona (stone),4944,Valid,OC,,1704-01-01T00:00:00.000,41.366670,2.166670,"[2.16667, 41.36667]"
Barea,4946,Valid,Mesosiderite-A1,,1842-01-01T00:00:00.000,42.383330,-2.500000,"[-2.5, 42.38333]"
Barnaul,4947,Valid,H5,,1904-01-01T00:00:00.000,52.733330,84.083330,"[84.08333, 52.73333]"
Barntrup,4948,Valid,LL4,,1886-01-01T00:00:00.000,52.000000,9.100000,"[9.1, 52]"
Baroti,4949,Valid,L6,,1910-01-01T00:00:00.000,31.616670,76.800000,"[76.8, 31.61667]"
Barwell,4954,Valid,L5,,1965-01-01T00:00:00.000,52.565280,-1.339720,"[-1.33972, 52.56528]"
Bassikounou,44876,Valid,H5,,2006-01-01T00:00:00.000,15.783330,-5.900000,"[-5.9, 15.78333]"
Baszkówka,4957,Valid,L5,,1994-01-01T00:00:00.000,52.033330,20.935830,"[20.93583, 52.03333]"
Bath,4974,Valid,H4,,1892-01-01T00:00:00.000,45.416670,-98.316670,"[-98.31667, 45.41667]"
Bath Furnace,4975,Valid,L6,,1902-01-01T00:00:00.000,38.250000,-83.750000,"[-83.75, 38.25]"
Battle Mountain,56133,Valid,L6,,2012-01-01T00:00:00.000,40.668130,-117.189130,"[-117.18913, 40.66813]"
Bawku,4976,Valid,LL5,,1989-01-01T00:00:00.000,11.083330,-0.183330,"[-0.18333, 11.08333]"
Baxter,4977,Valid,L6,,1916-01-01T00:00:00.000,36.750000,-93.500000,"[-93.5, 36.75]"
Beardsley,4984,Valid,H5,,1929-01-01T00:00:00.000,39.800000,-101.200000,"[-101.2, 39.8]"
Beaver Creek,4986,Valid,H5,,1893-01-01T00:00:00.000,51.166670,-117.333330,"[-117.33333, 51.16667]"
Beddgelert,4993,Valid,H5,,1949-01-01T00:00:00.000,53.016670,-4.100000,"[-4.1, 53.01667]"
Bells,5005,Valid,C2-ung,,1961-01-01T00:00:00.000,33.600000,-96.466670,"[-96.46667, 33.6]"
Belville,5009,Valid,OC,,1937-01-01T00:00:00.000,-32.333330,-64.866670,"[-64.86667, -32.33333]"
Benares (a),5011,Valid,LL4,,1798-01-01T00:00:00.000,25.366670,82.916670,"[82.91667, 25.36667]"
Benguerir,30443,Valid,LL6,,2004-01-01T00:00:00.000,32.250000,-8.150000,"[-8.15, 32.25]"
Beni M'hira,5018,Valid,L6,,2001-01-01T00:00:00.000,32.866670,10.800000,"[10.8, 32.86667]"
Benld,5021,Valid,H6,,1938-01-01T00:00:00.000,39.083330,-89.150000,"[-89.15, 39.08333]"
Benoni,5023,Valid,H6,,1943-01-01T00:00:00.000,-26.166670,28.416670,"[28.41667, -26.16667]"
Bensour,5024,Valid,LL6,,2002-01-01T00:00:00.000,30.000000,-7.000000,"[-7, 30]"
Benton,5026,Valid,LL6,,1949-01-01T00:00:00.000,45.950000,-67.550000,"[-67.55, 45.95]"
Berduc,48975,Valid,L6,,2008-01-01T00:00:00.000,-31.910000,-58.328330,"[-58.32833, -31.91]"
Béréba,5028,Valid,Eucrite-mmict,,1924-01-01T00:00:00.000,11.650000,-3.650000,"[-3.65, 11.65]"
Berlanguillas,5029,Valid,L6,,1811-01-01T00:00:00.000,41.683330,-3.800000,"[-3.8, 41.68333]"
Berthoud,47355,Valid,Eucrite-mmict,,2004-01-01T00:00:00.000,40.305830,-105.023250,"[-105.02325, 40.30583]"
Bethlehem,5032,Valid,H,,1859-01-01T00:00:00.000,42.533330,-73.833330,"[-73.83333, 42.53333]"
Beuste,5034,Valid,L5,,1859-01-01T00:00:00.000,43.216670,-0.233330,"[-0.23333, 43.21667]"
Beyrout,5035,Valid,LL3.8,,1921-01-01T00:00:00.000,33.883330,35.500000,"[35.5, 33.88333]"
Bhagur,5037,Valid,L6,,1877-01-01T00:00:00.000,20.883330,74.833330,"[74.83333, 20.88333]"
Bhawad,36591,Valid,LL6,,2002-01-01T00:00:00.000,26.508330,73.115280,"[73.11528, 26.50833]"
Bherai,5039,Valid,L6,,1893-01-01T00:00:00.000,20.833330,71.466670,"[71.46667, 20.83333]"
Bhola,5040,Valid,LL3-6,,1940-01-01T00:00:00.000,22.683330,90.650000,"[90.65, 22.68333]"
Bholghati,5041,Valid,Howardite,,1905-01-01T00:00:00.000,22.083330,86.900000,"[86.9, 22.08333]"
Bialystok,5042,Valid,Eucrite-pmict,,1827-01-01T00:00:00.000,53.100000,23.200000,"[23.2, 53.1]"
Bielokrynitschie,5043,Valid,H4,,1887-01-01T00:00:00.000,50.133330,27.166670,"[27.16667, 50.13333]"
Bilanga,5045,Valid,Diogenite,,1999-01-01T00:00:00.000,12.450000,-0.083330,"[-0.08333, 12.45]"
Binningup,5051,Valid,H5,,1984-01-01T00:00:00.000,-33.156390,115.676390,"[115.67639, -33.15639]"
Birni N'konni,5056,Valid,H4,,1923-01-01T00:00:00.000,13.766670,5.300000,"[5.3, 13.76667]"
Bishopville,5059,Valid,Aubrite,,1843-01-01T00:00:00.000,34.166670,-80.283330,"[-80.28333, 34.16667]"
Bishunpur,5060,Valid,LL3.15,,1895-01-01T00:00:00.000,25.383330,82.600000,"[82.6, 25.38333]"
Bjelaja Zerkov,5063,Valid,H6,,1796-01-01T00:00:00.000,49.783330,30.166670,"[30.16667, 49.78333]"
Bjurböle,5064,Valid,L/LL4,,1899-01-01T00:00:00.000,60.400000,25.800000,"[25.8, 60.4]"
Black Moshannan Park,5065,Valid,L5,,1941-01-01T00:00:00.000,40.916670,-78.083330,"[-78.08333, 40.91667]"
Blackwell,5068,Valid,L5,,1906-01-01T00:00:00.000,36.833330,-97.333330,"[-97.33333, 36.83333]"
Blanket,5071,Valid,L6,,1909-01-01T00:00:00.000,31.833330,-98.833330,"[-98.83333, 31.83333]"
Blansko,5072,Valid,H6,,1833-01-01T00:00:00.000,49.366670,16.633330,"[16.63333, 49.36667]"
Bloomington,5076,Valid,LL6,,1938-01-01T00:00:00.000,40.480000,-89.004170,"[-89.00417, 40.48]"
Bo Xian,5090,Valid,LL3.9,,1977-01-01T00:00:00.000,33.833330,115.833330,"[115.83333, 33.83333]"
Bocas,5093,Valid,L6,,1804-01-01T00:00:00.000,23.000000,-102.000000,"[-102, 23]"
Bogou,5097,Valid,"Iron, IAB-MG",,1962-01-01T00:00:00.000,12.500000,0.700000,"[0.7, 12.5]"
Boguslavka,5098,Valid,"Iron, IIAB",,1916-01-01T00:00:00.000,44.550000,131.633330,"[131.63333, 44.55]"
Borgo San Donino,5110,Valid,LL6,,1808-01-01T00:00:00.000,44.866670,10.050000,"[10.05, 44.86667]"
Bori,5111,Valid,L6,,1894-01-01T00:00:00.000,21.950000,78.033330,"[78.03333, 21.95]"
Boriskino,5112,Valid,CM2,,1930-01-01T00:00:00.000,54.233330,52.483330,"[52.48333, 54.23333]"
Borkut,5113,Valid,L5,,1852-01-01T00:00:00.000,48.150000,24.283330,"[24.28333, 48.15]"
Borodino,5114,Valid,H5,,1812-01-01T00:00:00.000,55.466670,35.866670,"[35.86667, 55.46667]"
Botschetschki,5117,Valid,L4,,1823-01-01T00:00:00.000,51.333330,33.883330,"[33.88333, 51.33333]"
Boumdeid (2003),57168,Valid,L6,,2003-01-01T00:00:00.000,17.710670,-11.371500,"[-11.3715, 17.71067]"
Boumdeid (2011),57167,Valid,L6,,2011-01-01T00:00:00.000,17.174930,-11.341330,"[-11.34133, 17.17493]"
Bovedy,5121,Valid,L3,,1969-01-01T00:00:00.000,54.566670,-6.333330,"[-6.33333, 54.56667]"
Bradford Woods,5128,Valid,L,,1886-01-01T00:00:00.000,40.500000,-80.083330,"[-80.08333, 40.5]"
Braunau,5133,Valid,"Iron, IIAB",,1847-01-01T00:00:00.000,50.600000,16.300000,"[16.3, 50.6]"
Breitscheid,5134,Valid,H5,,1956-01-01T00:00:00.000,50.666940,8.183610,"[8.18361, 50.66694]"
Bremervörde,5135,Valid,H/L3.9,,1855-01-01T00:00:00.000,53.400000,9.100000,"[9.1, 53.4]"
Brient,5140,Valid,Eucrite-pmict,,1933-01-01T00:00:00.000,52.133330,59.316670,"[59.31667, 52.13333]"
Bruderheim,5156,Valid,L6,,1960-01-01T00:00:00.000,53.900000,-112.883330,"[-112.88333, 53.9]"
Bukhara,30448,Valid,CV3,,2001-01-01T00:00:00.000,39.779780,64.600350,"[64.60035, 39.77978]"
Bulls Run,5163,Valid,Iron?,,1964-01-01T00:00:00.000,,,[]
Bunburra Rockhole,48653,Valid,Eucrite,,2007-01-01T00:00:00.000,-31.350000,129.190000,"[129.19, -31.35]"
Bununu,5165,Valid,Howardite,,1942-01-01T00:00:00.000,10.016670,9.583330,"[9.58333, 10.01667]"
Bur-Gheluai,5169,Valid,H5,,1919-01-01T00:00:00.000,5.000000,48.000000,"[48, 5]"
Burnwell,5175,Valid,H4-an,,1990-01-01T00:00:00.000,37.621940,-82.237220,"[-82.23722, 37.62194]"
Bursa,5177,Valid,L6,,1946-01-01T00:00:00.000,40.200000,29.233330,"[29.23333, 40.2]"
Buschhof,5178,Valid,L6,,1863-01-01T00:00:00.000,46.450000,25.783330,"[25.78333, 46.45]"
Bustee,5181,Valid,Aubrite,,1852-01-01T00:00:00.000,26.783330,82.833330,"[82.83333, 26.78333]"
Butsura,5183,Valid,H6,,1861-01-01T00:00:00.000,27.083330,84.083330,"[84.08333, 27.08333]"
Buzzard Coulee,48654,Valid,H4,,2008-01-01T00:00:00.000,52.996000,-109.848170,"[-109.84817, 52.996]"
Cabezo de Mayo,5185,Valid,L/LL6,,1870-01-01T00:00:00.000,37.983330,-1.166670,"[-1.16667, 37.98333]"
Cabin Creek,5186,Valid,"Iron, IIIAB",,1886-01-01T00:00:00.000,35.500000,-93.500000,"[-93.5, 35.5]"
Cacak,5187,Valid,OC,,1919-01-01T00:00:00.000,43.838890,20.333330,"[20.33333, 43.83889]"
Cali,45976,Valid,H/L4,,2007-01-01T00:00:00.000,3.405000,-76.510000,"[-76.51, 3.405]"
Calivo,5200,Valid,Stone-uncl,,1916-01-01T00:00:00.000,11.750000,122.333330,"[122.33333, 11.75]"
Campos Sales,5249,Valid,L5,,1991-01-01T00:00:00.000,-7.033330,-40.166670,"[-40.16667, -7.03333]"
Çanakkale,5250,Valid,L6,,1964-01-01T00:00:00.000,39.800000,26.600000,"[26.6, 39.8]"
Cañellas,5251,Valid,H4,,1861-01-01T00:00:00.000,41.250000,1.666670,"[1.66667, 41.25]"
Cangas de Onis,5252,Valid,H5,,1866-01-01T00:00:00.000,43.383330,-5.150000,"[-5.15, 43.38333]"
Canon City,5253,Valid,H6,,1973-01-01T00:00:00.000,38.470280,-105.241390,"[-105.24139, 38.47028]"
Cape Girardeau,5260,Valid,H6,,1846-01-01T00:00:00.000,37.266670,-89.583330,"[-89.58333, 37.26667]"
Capilla del Monte,5264,Valid,H6,,1934-01-01T00:00:00.000,-30.883330,-64.550000,"[-64.55, -30.88333]"
Carancas,45817,Valid,H4-5,,2007-01-01T00:00:00.000,-16.664440,-69.043890,"[-69.04389, -16.66444]"
Caratash,5265,Valid,LL6,,1902-01-01T00:00:00.000,38.500000,27.000000,"[27, 38.5]"
Castalia,5291,Valid,H5,,1874-01-01T00:00:00.000,36.083330,-78.066670,"[-78.06667, 36.08333]"
Castel Berardenga,5292,Valid,Stone-uncl,,1791-01-01T00:00:00.000,43.350000,11.500000,"[11.5, 43.35]"
Castine,5293,Valid,L6,,1848-01-01T00:00:00.000,44.383330,-68.750000,"[-68.75, 44.38333]"
Castrovillari,5295,Valid,Stone-uncl,,1583-01-01T00:00:00.000,39.800000,16.200000,"[16.2, 39.8]"
Caswell County,5296,Valid,OC,,1810-01-01T00:00:00.000,36.500000,-79.250000,"[-79.25, 36.5]"
Ceniceros,5306,Valid,L3.7,,1988-01-01T00:00:00.000,26.466670,-105.233330,"[-105.23333, 26.46667]"
Centerville,5307,Valid,H5,,1956-01-01T00:00:00.000,43.200000,-96.916670,"[-96.91667, 43.2]"
Cereseto,5308,Valid,H5,,1840-01-01T00:00:00.000,45.083330,8.300000,"[8.3, 45.08333]"
Chadong,5313,Valid,L6,,1998-01-01T00:00:00.000,28.533330,109.316670,"[109.31667, 28.53333]"
Chail,5314,Valid,H6,,1814-01-01T00:00:00.000,25.366670,81.666670,"[81.66667, 25.36667]"
Chainpur,5315,Valid,LL3.4,,1907-01-01T00:00:00.000,25.850000,83.483330,"[83.48333, 25.85]"
Chajari,5316,Valid,L5,,1933-01-01T00:00:00.000,-30.783330,-58.050000,"[-58.05, -30.78333]"
Chandakapur,5320,Valid,L5,,1838-01-01T00:00:00.000,20.266670,76.016670,"[76.01667, 20.26667]"
Chandpur,5321,Valid,L6,,1885-01-01T00:00:00.000,27.283330,79.050000,"[79.05, 27.28333]"
Changde,5322,Valid,H5,,1977-01-01T00:00:00.000,29.083330,111.750000,"[111.75, 29.08333]"
Chantonnay,5325,Valid,L6,,1812-01-01T00:00:00.000,46.683330,1.050000,"[1.05, 46.68333]"
Charlotte,5328,Valid,"Iron, IVA",,1835-01-01T00:00:00.000,36.166670,-87.333330,"[-87.33333, 36.16667]"
Charsonville,5329,Valid,H6,,1810-01-01T00:00:00.000,47.933330,1.566670,"[1.56667, 47.93333]"
Charwallas,5330,Valid,H6,,1834-01-01T00:00:00.000,29.483330,75.500000,"[75.5, 29.48333]"
Chassigny,5331,Valid,Martian (chassignite),,1815-01-01T00:00:00.000,47.716670,5.366670,"[5.36667, 47.71667]"
Château-Renard,5332,Valid,L6,,1841-01-01T00:00:00.000,47.933330,2.916670,"[2.91667, 47.93333]"
Chaves,5334,Valid,Howardite,,1925-01-01T00:00:00.000,41.933330,-7.466670,"[-7.46667, 41.93333]"
Chela,5338,Valid,H4,,1988-01-01T00:00:00.000,-3.666670,32.500000,"[32.5, -3.66667]"
Chelyabinsk,57165,Valid,LL5,,2013-01-01T00:00:00.000,54.816670,61.116670,"[61.11667, 54.81667]"
Chergach ,47347,Valid,H5,,2007-01-01T00:00:00.000,23.696390,-5.014720,"[-5.01472, 23.69639]"
Chernyi Bor,5339,Valid,H4,,1964-01-01T00:00:00.000,53.700000,30.100000,"[30.1, 53.7]"
Cherokee Springs,5340,Valid,LL6,,1933-01-01T00:00:00.000,35.033330,-81.883330,"[-81.88333, 35.03333]"
Chervettaz,5341,Valid,L5,,1901-01-01T00:00:00.000,46.550000,6.816670,"[6.81667, 46.55]"
Chervony Kut,5342,Valid,Eucrite-mmict,,1939-01-01T00:00:00.000,50.833330,34.000000,"[34, 50.83333]"
Chetrinahatti,5344,Valid,Stone-uncl,,1880-01-01T00:00:00.000,14.500000,76.500000,"[76.5, 14.5]"
Chiang Khan,5345,Valid,H6,,1981-01-01T00:00:00.000,17.900000,101.633330,"[101.63333, 17.9]"
Chicora,5349,Valid,LL6,,1938-01-01T00:00:00.000,40.933330,-79.733330,"[-79.73333, 40.93333]"
Chisenga,5355,Valid,"Iron, IIIAB",,1988-01-01T00:00:00.000,-10.059440,33.395000,"[33.395, -10.05944]"
Chitado,5356,Valid,L6,,1966-01-01T00:00:00.000,-17.350000,13.966670,"[13.96667, -17.35]"
Chitenay,5357,Valid,L6,,1978-01-01T00:00:00.000,47.470830,0.976670,"[0.97667, 47.47083]"
Cilimus,5364,Valid,L5,,1979-01-01T00:00:00.000,-6.950000,108.100000,"[108.1, -6.95]"
Claxton,5374,Valid,L6,,1984-01-01T00:00:00.000,32.102500,-81.872780,"[-81.87278, 32.1025]"
Clohars,5383,Valid,L4,,1822-01-01T00:00:00.000,,,[]
Colby (Wisconsin),5395,Valid,L6,,1917-01-01T00:00:00.000,44.900000,-90.283330,"[-90.28333, 44.9]"
Cold Bokkeveld,5397,Valid,CM2,,1838-01-01T00:00:00.000,-33.133330,19.383330,"[19.38333, -33.13333]"
Coleman,5401,Valid,L6,,1994-01-01T00:00:00.000,43.761110,-84.507780,"[-84.50778, 43.76111]"
Collescipoli,5403,Valid,H5,,1890-01-01T00:00:00.000,42.533330,12.616670,"[12.61667, 42.53333]"
Conquista,5418,Valid,H4,,1965-01-01T00:00:00.000,-19.850000,-47.550000,"[-47.55, -19.85]"
Cosina,5451,Valid,H5,,1844-01-01T00:00:00.000,21.166670,-100.866670,"[-100.86667, 21.16667]"
Cranganore,5465,Valid,L6,,1917-01-01T00:00:00.000,10.200000,76.266670,"[76.26667, 10.2]"
Crescent,5470,Valid,CM2,,1936-01-01T00:00:00.000,35.950000,-97.583330,"[-97.58333, 35.95]"
Cronstad,5474,Valid,H5,,1877-01-01T00:00:00.000,-27.700000,27.300000,"[27.3, -27.7]"
Cross Roads,5476,Valid,H5,,1892-01-01T00:00:00.000,35.633330,-78.133330,"[-78.13333, 35.63333]"
Crumlin,5477,Valid,L5,,1902-01-01T00:00:00.000,54.616670,-6.216670,"[-6.21667, 54.61667]"
Cumberland Falls,5496,Valid,Aubrite,,1919-01-01T00:00:00.000,36.833330,-84.350000,"[-84.35, 36.83333]"
Cynthiana,5500,Valid,L/LL4,,1877-01-01T00:00:00.000,38.400000,-84.250000,"[-84.25, 38.4]"
Dahmani,5504,Valid,LL6,,1981-01-01T00:00:00.000,35.616670,8.833330,"[8.83333, 35.61667]"
Dandapur,5511,Valid,L6,,1878-01-01T00:00:00.000,26.916670,83.966670,"[83.96667, 26.91667]"
Daniel's Kuil,5513,Valid,EL6,,1868-01-01T00:00:00.000,-28.200000,24.566670,"[24.56667, -28.2]"
Danville,5514,Valid,L6,,1868-01-01T00:00:00.000,34.400000,-87.066670,"[-87.06667, 34.4]"
Darmstadt,6603,Valid,H5,,1804-01-01T00:00:00.000,49.866670,8.650000,"[8.65, 49.86667]"
Dashoguz,6604,Valid,H5,,1998-01-01T00:00:00.000,41.984440,59.685000,"[59.685, 41.98444]"
Daule,51559,Valid,L5,,2008-01-01T00:00:00.000,-1.870890,-79.957560,"[-79.95756, -1.87089]"
De Cewsville,6621,Valid,H6,,1887-01-01T00:00:00.000,43.000000,-80.000000,"[-80, 43]"
Deal,6634,Valid,L6,,1829-01-01T00:00:00.000,40.250000,-74.000000,"[-74, 40.25]"
Delhi,6642,Valid,L5,,1897-01-01T00:00:00.000,28.566670,77.250000,"[77.25, 28.56667]"
Demina,6649,Valid,L6,,1911-01-01T00:00:00.000,51.466670,84.766670,"[84.76667, 51.46667]"
Denver,6660,Valid,L6,,1967-01-01T00:00:00.000,39.782500,-104.930560,"[-104.93056, 39.7825]"
Dergaon,6664,Valid,H5,,2001-01-01T00:00:00.000,26.683330,93.866670,"[93.86667, 26.68333]"
Desuri,6693,Valid,H6,,1962-01-01T00:00:00.000,25.733330,73.616670,"[73.61667, 25.73333]"
Devgaon,6694,Valid,H3.8,,2001-01-01T00:00:00.000,19.000000,81.000000,"[81, 19]"
Devri-Khera,6696,Valid,L6,,1994-01-01T00:00:00.000,24.225000,76.525000,"[76.525, 24.225]"
Dhajala,6698,Valid,H3.8,,1976-01-01T00:00:00.000,22.377780,71.427220,"[71.42722, 22.37778]"
Dharwar,6699,Valid,OC,,1848-01-01T00:00:00.000,14.883330,75.600000,"[75.6, 14.88333]"
Dhurmsala,7640,Valid,LL6,,1860-01-01T00:00:00.000,32.233330,76.466670,"[76.46667, 32.23333]"
Didim,47350,Valid,H3-5,,2007-01-01T00:00:00.000,37.351720,27.329970,"[27.32997, 37.35172]"
Diep River,7642,Valid,L6,,1906-01-01T00:00:00.000,-33.750000,18.566670,"[18.56667, -33.75]"
Distrito Quebracho,7649,Valid,H4,,1957-01-01T00:00:00.000,-31.883330,-60.466670,"[-60.46667, -31.88333]"
Djati-Pengilon,7652,Valid,H6,,1884-01-01T00:00:00.000,-7.500000,111.500000,"[111.5, -7.5]"
Djermaia,7656,Valid,H,,1961-01-01T00:00:00.000,12.733330,15.050000,"[15.05, 12.73333]"
Djoumine,7657,Valid,H5-6,,1999-01-01T00:00:00.000,36.950000,9.550000,"[9.55, 36.95]"
Dokachi,7658,Valid,H5,,1903-01-01T00:00:00.000,23.500000,90.333330,"[90.33333, 23.5]"
Dolgovoli,7659,Valid,L6,,1864-01-01T00:00:00.000,50.750000,25.300000,"[25.3, 50.75]"
Domanitch,7661,Valid,L5,,1907-01-01T00:00:00.000,40.000000,29.000000,"[29, 40]"
Dong Ujimqin Qi,7706,Valid,Mesosiderite,,1995-01-01T00:00:00.000,45.500000,119.033330,"[119.03333, 45.5]"
Donga Kohrod,7707,Valid,H6,,1899-01-01T00:00:00.000,21.866670,82.450000,"[82.45, 21.86667]"
Dongtai,7708,Valid,LL6,,1970-01-01T00:00:00.000,32.916670,120.783330,"[120.78333, 32.91667]"
Doroninsk,7718,Valid,H5-7,,1805-01-01T00:00:00.000,51.200000,112.300000,"[112.3, 51.2]"
Dosso,7722,Valid,L6,,1962-01-01T00:00:00.000,13.050000,3.166670,"[3.16667, 13.05]"
Douar Mghila,7723,Valid,LL6,,1932-01-01T00:00:00.000,32.333330,-6.300000,"[-6.3, 32.33333]"
Dowa,7725,Valid,Stone-uncl,,1976-01-01T00:00:00.000,-13.666670,33.916670,"[33.91667, -13.66667]"
Drake Creek,7728,Valid,L6,,1827-01-01T00:00:00.000,36.400000,-86.500000,"[-86.5, 36.4]"
Dresden (Ontario),7731,Valid,H6,,1939-01-01T00:00:00.000,42.520000,-82.260000,"[-82.26, 42.52]"
Dubrovnik,7736,Valid,L3-6,,1951-01-01T00:00:00.000,42.458330,18.441670,"[18.44167, 42.45833]"
Dunbogan,7743,Valid,L6,,1999-01-01T00:00:00.000,-31.666670,152.833330,"[152.83333, -31.66667]"
Dundrum,7745,Valid,H5,,1865-01-01T00:00:00.000,52.550000,-8.033330,"[-8.03333, 52.55]"
Dunhua,7749,Valid,Stone-uncl,,1976-01-01T00:00:00.000,43.333330,128.250000,"[128.25, 43.33333]"
Durala,7750,Valid,L6,,1815-01-01T00:00:00.000,30.300000,76.633330,"[76.63333, 30.3]"
Duruma,7752,Valid,L6,,1853-01-01T00:00:00.000,-4.000000,39.500000,"[39.5, -4]"
Duwun,7754,Valid,L6,,1943-01-01T00:00:00.000,33.433330,127.266670,"[127.26667, 33.43333]"
Dwaleni,7755,Valid,H4-6,,1970-01-01T00:00:00.000,-27.200000,31.316670,"[31.31667, -27.2]"
Dyalpur,7757,Valid,Ureilite,,1872-01-01T00:00:00.000,26.250000,82.000000,"[82, 26.25]"
Dyarrl Island,7758,Valid,Mesosiderite-A1,,1933-01-01T00:00:00.000,-3.000000,151.000000,"[151, -3]"
Eagle,7760,Valid,EL6,,1947-01-01T00:00:00.000,40.781670,-96.471670,"[-96.47167, 40.78167]"
Ehole,7774,Valid,H5,,1961-01-01T00:00:00.000,-17.300000,15.833330,"[15.83333, -17.3]"
Eichstädt,7775,Valid,H5,,1785-01-01T00:00:00.000,48.900000,11.216670,"[11.21667, 48.9]"
Ekeby,7776,Valid,H4,,1939-01-01T00:00:00.000,56.033330,13.000000,"[13, 56.03333]"
Ekh Khera,7777,Valid,H6,,1916-01-01T00:00:00.000,28.266670,78.783330,"[78.78333, 28.26667]"
El Idrissia,7807,Valid,L6,,1989-01-01T00:00:00.000,34.416670,3.250000,"[3.25, 34.41667]"
El Paso de Aguila,45977,Valid,H5,,1977-01-01T00:00:00.000,25.370000,-97.370000,"[-97.37, 25.37]"
El Tigre,7819,Valid,L6,,1993-01-01T00:00:00.000,19.967220,-103.051670,"[-103.05167, 19.96722]"
Elbert,7822,Valid,LL6,,1998-01-01T00:00:00.000,39.246670,-104.588170,"[-104.58817, 39.24667]"
Elbogen,7823,Valid,"Iron, IID",,1400-01-01T00:00:00.000,50.183330,12.733330,"[12.73333, 50.18333]"
Elenovka,7824,Valid,L5,,1951-01-01T00:00:00.000,47.833330,37.666670,"[37.66667, 47.83333]"
Ellemeet,10019,Valid,Diogenite,,1925-01-01T00:00:00.000,51.750000,4.000000,"[4, 51.75]"
Emmaville,10033,Valid,Eucrite-mmict,,1900-01-01T00:00:00.000,-29.466670,151.616670,"[151.61667, -29.46667]"
Enshi,10038,Valid,H5,,1974-01-01T00:00:00.000,30.300000,109.500000,"[109.5, 30.3]"
Ensisheim,10039,Valid,LL6,,1492-01-01T00:00:00.000,47.866670,7.350000,"[7.35, 47.86667]"
Épinal,10041,Valid,H5,,1822-01-01T00:00:00.000,48.183330,6.466670,"[6.46667, 48.18333]"
Erakot,10042,Valid,CM2,,1940-01-01T00:00:00.000,19.033330,81.891670,"[81.89167, 19.03333]"
Erevan,10043,Valid,Howardite,,1911-01-01T00:00:00.000,40.300000,44.500000,"[44.5, 40.3]"
Ergheo,10044,Valid,L5,,1889-01-01T00:00:00.000,1.166670,44.166670,"[44.16667, 1.16667]"
Erxleben,10049,Valid,H6,,1812-01-01T00:00:00.000,52.216670,11.250000,"[11.25, 52.21667]"
Esnandes,10051,Valid,L6,,1837-01-01T00:00:00.000,46.250000,-1.100000,"[-1.1, 46.25]"
Essebi,10055,Valid,C2-ung,,1957-01-01T00:00:00.000,2.883330,30.833330,"[30.83333, 2.88333]"
Estherville,10059,Valid,Mesosiderite-A3/4,,1879-01-01T00:00:00.000,43.416670,-94.833330,"[-94.83333, 43.41667]"
Farmington,10074,Valid,L5,,1890-01-01T00:00:00.000,39.750000,-97.033330,"[-97.03333, 39.75]"
Farmville,10075,Valid,H4,,1934-01-01T00:00:00.000,35.550000,-77.533330,"[-77.53333, 35.55]"
Favars,10078,Valid,H5,,1844-01-01T00:00:00.000,44.383330,2.816670,"[2.81667, 44.38333]"
Fayetteville,10079,Valid,H4,,1934-01-01T00:00:00.000,36.050000,-94.166670,"[-94.16667, 36.05]"
Feid Chair,10080,Valid,H4,,1875-01-01T00:00:00.000,36.883330,8.450000,"[8.45, 36.88333]"
Felix,10081,Valid,CO3.3,,1900-01-01T00:00:00.000,32.533330,-87.166670,"[-87.16667, 32.53333]"
Fenghsien-Ku,10086,Valid,H5,,1924-01-01T00:00:00.000,34.600000,116.750000,"[116.75, 34.6]"
Ferguson,10088,Valid,OC,,1889-01-01T00:00:00.000,36.100000,-81.416670,"[-81.41667, 36.1]"
Fermo,10091,Valid,H3-5,,1996-01-01T00:00:00.000,43.181110,13.753330,"[13.75333, 43.18111]"
Fisher,10107,Valid,L6,,1894-01-01T00:00:00.000,47.816670,-96.850000,"[-96.85, 47.81667]"
Florence,10111,Valid,H3,,1922-01-01T00:00:00.000,30.833330,-97.766670,"[-97.76667, 30.83333]"
Forest City,10119,Valid,H5,,1890-01-01T00:00:00.000,43.250000,-93.666670,"[-93.66667, 43.25]"
Forest Vale,10120,Valid,H4,,1942-01-01T00:00:00.000,-33.350000,146.858330,"[146.85833, -33.35]"
Forksville,10123,Valid,L6,,1924-01-01T00:00:00.000,36.783330,-78.083330,"[-78.08333, 36.78333]"
Forsbach,10163,Valid,H6,,1900-01-01T00:00:00.000,50.950000,7.316670,"[7.31667, 50.95]"
Forsyth,10164,Valid,L6,,1829-01-01T00:00:00.000,33.016670,-83.966670,"[-83.96667, 33.01667]"
Fort Flatters,10166,Valid,Stone-uncl,,1944-01-01T00:00:00.000,28.250000,7.000000,"[7, 28.25]"
Frankfort (stone),10177,Valid,Howardite,,1868-01-01T00:00:00.000,34.483330,-87.833330,"[-87.83333, 34.48333]"
Fuhe,52412,Valid,L5,,1945-01-01T00:00:00.000,31.475560,113.566940,"[113.56694, 31.47556]"
Fukutomi,10836,Valid,L5,,1882-01-01T00:00:00.000,33.183330,130.200000,"[130.2, 33.18333]"
Fünen,10838,Valid,Stone-uncl,,1654-01-01T00:00:00.000,55.333330,10.333330,"[10.33333, 55.33333]"
Futtehpur,10839,Valid,L6,,1822-01-01T00:00:00.000,25.950000,80.816670,"[80.81667, 25.95]"
Fuyang,10840,Valid,Stone-uncl,,1977-01-01T00:00:00.000,32.900000,115.900000,"[115.9, 32.9]"
Galapian,10846,Valid,H6,,1826-01-01T00:00:00.000,44.300000,0.400000,"[0.4, 44.3]"
Galim (a),10848,Valid,LL6,,1952-01-01T00:00:00.000,7.050000,12.433330,"[12.43333, 7.05]"
Galim (b),10849,Valid,EH3/4-an,,1952-01-01T00:00:00.000,7.050000,12.433330,"[12.43333, 7.05]"
Galkiv,10850,Valid,H4,,1995-01-01T00:00:00.000,51.683330,30.783330,"[30.78333, 51.68333]"
Gambat,10851,Valid,L6,,1897-01-01T00:00:00.000,27.350000,68.533330,"[68.53333, 27.35]"
Gao-Guenie,10854,Valid,H5,,1960-01-01T00:00:00.000,11.650000,-2.183330,"[-2.18333, 11.65]"
Garhi Yasin,10860,Valid,"Iron, IIE",,1917-01-01T00:00:00.000,27.883330,68.533330,"[68.53333, 27.88333]"
Garland,10861,Valid,Diogenite-pm,,1950-01-01T00:00:00.000,41.683330,-112.133330,"[-112.13333, 41.68333]"
Gashua,44882,Valid,L6,,1984-01-01T00:00:00.000,12.850000,11.033330,"[11.03333, 12.85]"
Gasseltepaoua,10866,Valid,H5,,2000-01-01T00:00:00.000,14.150830,-2.041670,"[-2.04167, 14.15083]"
Geidam,10870,Valid,H5,,1950-01-01T00:00:00.000,12.916670,11.916670,"[11.91667, 12.91667]"
Gifu,10914,Valid,L6,,1909-01-01T00:00:00.000,35.533330,136.883330,"[136.88333, 35.53333]"
Girgenti,10917,Valid,L6,,1853-01-01T00:00:00.000,37.316670,13.566670,"[13.56667, 37.31667]"
Git-Git,10919,Valid,L6,,1947-01-01T00:00:00.000,9.600000,9.916670,"[9.91667, 9.6]"
Glanerbrug,10923,Valid,L/LL5,,1990-01-01T00:00:00.000,52.200000,6.866670,"[6.86667, 52.2]"
Glanggang,10924,Valid,H5-6,,1939-01-01T00:00:00.000,-7.250000,107.700000,"[107.7, -7.25]"
Glasatovo,10926,Valid,H4,,1918-01-01T00:00:00.000,57.350000,37.616670,"[37.61667, 57.35]"
Glatton,10930,Valid,L6,,1991-01-01T00:00:00.000,52.459720,-0.300000,"[-0.3, 52.45972]"
Gnadenfrei,10936,Valid,H5,,1879-01-01T00:00:00.000,50.666670,16.766670,"[16.76667, 50.66667]"
Gopalpur,10948,Valid,H6,,1865-01-01T00:00:00.000,24.233330,89.050000,"[89.05, 24.23333]"
Gorlovka,10949,Valid,H3.7,,1974-01-01T00:00:00.000,48.283330,38.083330,"[38.08333, 48.28333]"
Granes,10956,Valid,L6,,1964-01-01T00:00:00.000,42.900000,2.250000,"[2.25, 42.9]"
Grefsheim,11196,Valid,L5,,1976-01-01T00:00:00.000,60.666670,11.000000,"[11, 60.66667]"
Grimsby,50911,Valid,H5,,2009-01-01T00:00:00.000,43.200000,-79.616670,"[-79.61667, 43.2]"
Grosnaja,11206,Valid,CV3,,1861-01-01T00:00:00.000,43.666670,45.383330,"[45.38333, 43.66667]"
Gross-Divina,11207,Valid,H5,,1837-01-01T00:00:00.000,49.266670,18.716670,"[18.71667, 49.26667]"
Grossliebenthal,11208,Valid,L6,,1881-01-01T00:00:00.000,46.350000,30.583330,"[30.58333, 46.35]"
Grüneberg,11426,Valid,H4,,1841-01-01T00:00:00.000,51.933330,15.500000,"[15.5, 51.93333]"
Grzempach,11429,Valid,H5,,1910-01-01T00:00:00.000,52.866670,16.633330,"[16.63333, 52.86667]"
Gualeguaychú,11432,Valid,H6,,1932-01-01T00:00:00.000,-33.000000,-58.616670,"[-58.61667, -33]"
Guangmingshan,11435,Valid,H5,,1996-01-01T00:00:00.000,39.804170,122.763890,"[122.76389, 39.80417]"
Guangnan,11436,Valid,L6,,1983-01-01T00:00:00.000,24.100000,105.000000,"[105, 24.1]"
Guangrao,11437,Valid,L6,,1980-01-01T00:00:00.000,37.100000,118.400000,"[118.4, 37.1]"
Guareña,11439,Valid,H6,,1892-01-01T00:00:00.000,38.733330,-6.016670,"[-6.01667, 38.73333]"
Guêa,11440,Valid,Stone-uncl,,1891-01-01T00:00:00.000,43.766670,20.233330,"[20.23333, 43.76667]"
Guibga,11442,Valid,L5,,1972-01-01T00:00:00.000,13.500000,-0.683330,"[-0.68333, 13.5]"
Guidder,11443,Valid,LL5,,1949-01-01T00:00:00.000,9.916670,13.983330,"[13.98333, 9.91667]"
Gujargaon,11448,Valid,H5,,1982-01-01T00:00:00.000,22.983330,76.050000,"[76.05, 22.98333]"
Gujba,11449,Valid,CBa,,1984-01-01T00:00:00.000,11.491670,11.658330,"[11.65833, 11.49167]"
Gumoschnik,11450,Valid,H5,,1904-01-01T00:00:00.000,42.900000,24.700000,"[24.7, 42.9]"
Gurram Konda,11464,Valid,L6,,1814-01-01T00:00:00.000,13.783330,78.566670,"[78.56667, 13.78333]"
Gursum,11465,Valid,H4/5,,1981-01-01T00:00:00.000,9.366670,42.416670,"[42.41667, 9.36667]"
Gütersloh,11466,Valid,H3/4,,1851-01-01T00:00:00.000,51.916670,8.383330,"[8.38333, 51.91667]"
Gyokukei,11467,Valid,OC,,1930-01-01T00:00:00.000,35.000000,127.500000,"[127.5, 35]"
Hachi-oji,11468,Valid,H?,,1817-01-01T00:00:00.000,35.650000,139.333330,"[139.33333, 35.65]"
Hainaut,11472,Valid,H3-6,,1934-01-01T00:00:00.000,50.316670,3.733330,"[3.73333, 50.31667]"
Hallingeberg,11479,Valid,L3.4,,1944-01-01T00:00:00.000,57.816670,16.233330,"[16.23333, 57.81667]"
Hamlet,11485,Valid,LL4,,1959-01-01T00:00:00.000,41.383330,-86.600000,"[-86.6, 41.38333]"
Haraiya,11824,Valid,Eucrite-mmict,,1878-01-01T00:00:00.000,26.800000,82.533330,"[82.53333, 26.8]"
Haripura,11829,Valid,CM2,,1921-01-01T00:00:00.000,28.383330,75.783330,"[75.78333, 28.38333]"
Harleton,11830,Valid,L6,,1961-01-01T00:00:00.000,32.675000,-94.511670,"[-94.51167, 32.675]"
Harrison County,11842,Valid,L6,,1859-01-01T00:00:00.000,38.250000,-86.166670,"[-86.16667, 38.25]"
Hashima,11848,Valid,H4,,1910-01-01T00:00:00.000,35.294500,136.700330,"[136.70033, 35.2945]"
Hassi-Jekna,11852,Valid,"Iron, IAB-sHL",,1890-01-01T00:00:00.000,28.950000,0.816670,"[0.81667, 28.95]"
Hatford,11855,Valid,Stone-uncl,,1628-01-01T00:00:00.000,51.650000,-1.516670,"[-1.51667, 51.65]"
Haverö,11859,Valid,Ureilite,,1971-01-01T00:00:00.000,60.245560,22.061940,"[22.06194, 60.24556]"
Hedeskoga,11869,Valid,H5,,1922-01-01T00:00:00.000,55.466670,13.783330,"[13.78333, 55.46667]"
Hedjaz,11870,Valid,L3.7-6,,1910-01-01T00:00:00.000,27.333330,35.666670,"[35.66667, 27.33333]"
Heredia,11875,Valid,H5,,1857-01-01T00:00:00.000,10.000000,-84.100000,"[-84.1, 10]"
Hessle,11878,Valid,H5,,1869-01-01T00:00:00.000,59.850000,17.666670,"[17.66667, 59.85]"
Higashi-koen,11883,Valid,H5,,1897-01-01T00:00:00.000,33.600000,130.433330,"[130.43333, 33.6]"
High Possil,11884,Valid,L6,,1804-01-01T00:00:00.000,55.900000,-4.233330,"[-4.23333, 55.9]"
Hiroshima,11889,Valid,H5,,2003-01-01T00:00:00.000,34.450000,132.383330,"[132.38333, 34.45]"
Hoima,44714,Valid,H6,,2003-01-01T00:00:00.000,1.345000,31.472780,"[31.47278, 1.345]"
Hökmark,11893,Valid,L4,,1954-01-01T00:00:00.000,64.433330,21.200000,"[21.2, 64.43333]"
Holbrook,11894,Valid,L/LL6,,1912-01-01T00:00:00.000,34.900000,-110.183330,"[-110.18333, 34.9]"
Holetta,11895,Valid,Stone-uncl,,1923-01-01T00:00:00.000,9.066670,38.416670,"[38.41667, 9.06667]"
Homestead,11901,Valid,L5,,1875-01-01T00:00:00.000,41.800000,-91.866670,"[-91.86667, 41.8]"
Honolulu,11904,Valid,L5,,1825-01-01T00:00:00.000,21.300000,-157.866670,"[-157.86667, 21.3]"
Hotse,11913,Valid,L6,,1956-01-01T00:00:00.000,35.666670,115.500000,"[115.5, 35.66667]"
Hoxie,11915,Valid,OC,,1963-01-01T00:00:00.000,39.350000,-100.450000,"[-100.45, 39.35]"
Hraschina,11916,Valid,"Iron, IID",,1751-01-01T00:00:00.000,46.100000,16.333330,"[16.33333, 46.1]"
Huaxi,54719,Valid,H5,,2010-01-01T00:00:00.000,26.464690,106.632410,"[106.63241, 26.46469]"
Hungen,11986,Valid,H6,,1877-01-01T00:00:00.000,50.300000,8.916670,"[8.91667, 50.3]"
Hvittis,11989,Valid,EL6,,1901-01-01T00:00:00.000,61.183330,22.683330,"[22.68333, 61.18333]"
Ibbenbüren,11992,Valid,Diogenite,,1870-01-01T00:00:00.000,52.283330,7.700000,"[7.7, 52.28333]"
Ibitira,11993,Valid,Eucrite-mmict,,1957-01-01T00:00:00.000,-20.000000,-45.000000,"[-45, -20]"
Ibrisim,11994,Valid,OC,,1949-01-01T00:00:00.000,38.000000,35.000000,"[35, 38]"
Ichkala,11995,Valid,H6,,1936-01-01T00:00:00.000,58.200000,82.933330,"[82.93333, 58.2]"
Idutywa,12000,Valid,H5,,1956-01-01T00:00:00.000,-32.100000,28.333330,"[28.33333, -32.1]"
Iguaracu,12003,Valid,H5,,1977-01-01T00:00:00.000,-23.200000,-51.833330,"[-51.83333, -23.2]"
Ijopega,12004,Valid,H6,,1975-01-01T00:00:00.000,-6.033330,145.366670,"[145.36667, -6.03333]"
Indarch,12027,Valid,EH4,,1891-01-01T00:00:00.000,39.750000,46.666670,"[46.66667, 39.75]"
Independence,12028,Valid,L6,,1917-01-01T00:00:00.000,39.083330,-94.400000,"[-94.4, 39.08333]"
Inner Mongolia,12037,Valid,L6,,1963-01-01T00:00:00.000,41.000000,112.000000,"[112, 41]"
Innisfree,12039,Valid,L5,,1977-01-01T00:00:00.000,53.415000,-111.337500,"[-111.3375, 53.415]"
Ipiranga,12043,Valid,H6,,1972-01-01T00:00:00.000,-25.500000,-54.500000,"[-54.5, -25.5]"
Ishinga,12049,Valid,H,,1954-01-01T00:00:00.000,-8.933330,33.800000,"[33.8, -8.93333]"
Isthilart,12053,Valid,H5,,1928-01-01T00:00:00.000,-31.183330,-57.950000,"[-57.95, -31.18333]"
Itapicuru-Mirim,12056,Valid,H5,,1879-01-01T00:00:00.000,-3.400000,-44.333330,"[-44.33333, -3.4]"
Itqiy,12058,Valid,EH7-an,,1990-01-01T00:00:00.000,26.590830,-12.952170,"[-12.95217, 26.59083]"
Ivuna,12063,Valid,CI1,,1938-01-01T00:00:00.000,-8.416670,32.433330,"[32.43333, -8.41667]"
Jackalsfontein,12065,Valid,L6,,1903-01-01T00:00:00.000,-32.500000,21.900000,"[21.9, -32.5]"
Jajh deh Kot Lalu,12067,Valid,EL6,,1926-01-01T00:00:00.000,26.750000,68.416670,"[68.41667, 26.75]"
Jalanash,12068,Valid,Ureilite,,1990-01-01T00:00:00.000,,,[]
Jalandhar,12069,Valid,Iron,,1621-01-01T00:00:00.000,31.000000,75.000000,"[75, 31]"
Jamkheir,12072,Valid,H6,,1866-01-01T00:00:00.000,18.750000,75.333330,"[75.33333, 18.75]"
Jartai,12074,Valid,L6,,1979-01-01T00:00:00.000,39.700000,105.800000,"[105.8, 39.7]"
Jelica,12078,Valid,LL6,,1889-01-01T00:00:00.000,43.833330,20.441670,"[20.44167, 43.83333]"
Jemlapur,12079,Valid,L6,,1901-01-01T00:00:00.000,,,[]
Jesenice,51589,Valid,L6,,2009-01-01T00:00:00.000,46.421370,14.052170,"[14.05217, 46.42137]"
Jhung,12085,Valid,L5,,1873-01-01T00:00:00.000,31.300000,72.383330,"[72.38333, 31.3]"
Jiange,12086,Valid,H5,,1964-01-01T00:00:00.000,31.916670,104.916670,"[104.91667, 31.91667]"
Jianshi,12087,Valid,"Iron, IIIAB",,1890-01-01T00:00:00.000,30.808330,109.500000,"[109.5, 30.80833]"
Jilin,12171,Valid,H5,,1976-01-01T00:00:00.000,44.050000,126.166670,"[126.16667, 44.05]"
Jodiya,47362,Valid,L5,,2006-01-01T00:00:00.000,22.680000,70.313330,"[70.31333, 22.68]"
Jodzie,12173,Valid,Howardite,,1877-01-01T00:00:00.000,55.700000,24.400000,"[24.4, 55.7]"
Johnstown,12198,Valid,Diogenite,,1924-01-01T00:00:00.000,40.350000,-104.900000,"[-104.9, 40.35]"
Jolomba,12199,Valid,LL6,,1974-01-01T00:00:00.000,-11.850000,15.833330,"[15.83333, -11.85]"
Jonzac,12202,Valid,Eucrite-mmict,,1819-01-01T00:00:00.000,45.433330,-0.450000,"[-0.45, 45.43333]"
Juancheng,12203,Valid,H5,,1997-01-01T00:00:00.000,35.500000,115.416670,"[115.41667, 35.5]"
Judesegeri,12207,Valid,H6,,1876-01-01T00:00:00.000,12.850000,76.800000,"[76.8, 12.85]"
Jumapalo,12209,Valid,L6,,1984-01-01T00:00:00.000,-7.716670,111.200000,"[111.2, -7.71667]"
Junan,12210,Valid,L6,,1976-01-01T00:00:00.000,35.200000,118.800000,"[118.8, 35.2]"
Juromenha,12213,Valid,"Iron, IIIAB",,1968-01-01T00:00:00.000,38.740280,-7.270000,"[-7.27, 38.74028]"
Juvinas,12214,Valid,Eucrite-mmict,,1821-01-01T00:00:00.000,44.716670,4.300000,"[4.3, 44.71667]"
Kaba,12218,Valid,CV3,,1857-01-01T00:00:00.000,47.350000,21.300000,"[21.3, 47.35]"
Kabo,12220,Valid,H4,,1971-01-01T00:00:00.000,11.850000,8.216670,"[8.21667, 11.85]"
Kadonah,12221,Valid,H6,,1822-01-01T00:00:00.000,27.083330,78.333330,"[78.33333, 27.08333]"
Kaee,12222,Valid,H5,,1838-01-01T00:00:00.000,27.250000,79.966670,"[79.96667, 27.25]"
Kagarlyk,12227,Valid,L6,,1908-01-01T00:00:00.000,49.866670,30.833330,"[30.83333, 49.86667]"
Kaidun,12228,Valid,CR2,,1980-01-01T00:00:00.000,15.000000,48.300000,"[48.3, 15]"
Kainsaz,12229,Valid,CO3.2,,1937-01-01T00:00:00.000,55.433330,53.250000,"[53.25, 55.43333]"
Kakangari,12230,Valid,K3,,1890-01-01T00:00:00.000,12.383330,78.516670,"[78.51667, 12.38333]"
Kakowa,12231,Valid,L6,,1858-01-01T00:00:00.000,45.133330,21.666670,"[21.66667, 45.13333]"
Kalaba,12232,Valid,H4,,1951-01-01T00:00:00.000,-6.833330,29.500000,"[29.5, -6.83333]"
Kalumbi,12236,Valid,L6,,1879-01-01T00:00:00.000,17.833330,73.983330,"[73.98333, 17.83333]"
Kamalpur,12238,Valid,L6,,1942-01-01T00:00:00.000,26.033330,81.466670,"[81.46667, 26.03333]"
Kamiomi,12240,Valid,H5,,1913-01-01T00:00:00.000,36.041670,139.956670,"[139.95667, 36.04167]"
Kamsagar,12241,Valid,L6,,1902-01-01T00:00:00.000,14.183330,75.800000,"[75.8, 14.18333]"
Kandahar (Afghanistan),12243,Valid,L6,,1959-01-01T00:00:00.000,31.600000,65.783330,"[65.78333, 31.6]"
Kangean,12245,Valid,H5,,1908-01-01T00:00:00.000,-7.000000,115.500000,"[115.5, -7]"
Kangra Valley,12246,Valid,H5,,1897-01-01T00:00:00.000,32.083330,76.300000,"[76.3, 32.08333]"
Kapoeta,12251,Valid,Howardite,,1942-01-01T00:00:00.000,4.700000,33.633330,"[33.63333, 4.7]"
Kaprada,47357,Valid,L5/6,,2004-01-01T00:00:00.000,20.339160,73.223290,"[73.22329, 20.33916]"
Kaptal-Aryk,12253,Valid,L6,,1937-01-01T00:00:00.000,42.450000,73.366670,"[73.36667, 42.45]"
Karakol,12256,Valid,LL6,,1840-01-01T00:00:00.000,47.216670,81.016670,"[81.01667, 47.21667]"
Karatu,12258,Valid,LL6,,1963-01-01T00:00:00.000,-3.500000,35.583330,"[35.58333, -3.5]"
Karewar,12260,Valid,L6,,1949-01-01T00:00:00.000,12.900000,7.150000,"[7.15, 12.9]"
Karkh,12262,Valid,L6,,1905-01-01T00:00:00.000,27.800000,67.166670,"[67.16667, 27.8]"
Karloowala,12263,Valid,L6,,1955-01-01T00:00:00.000,31.583330,71.600000,"[71.6, 31.58333]"
Karoonda,12264,Valid,CK4,,1930-01-01T00:00:00.000,-35.083330,139.916670,"[139.91667, -35.08333]"
Kasamatsu,12266,Valid,H,,1938-01-01T00:00:00.000,35.366670,136.766670,"[136.76667, 35.36667]"
Kasauli,30740,Valid,H4,,2003-01-01T00:00:00.000,29.583330,77.583330,"[77.58333, 29.58333]"
Katagum,35465,Valid,L6,,1999-01-01T00:00:00.000,11.333330,10.083330,"[10.08333, 11.33333]"
Kavarpura,47351,Valid,"Iron, IIE-an",,2006-01-01T00:00:00.000,25.143330,75.813330,"[75.81333, 25.14333]"
Kayakent,12268,Valid,"Iron, IIIAB",,1961-01-01T00:00:00.000,39.263330,31.780000,"[31.78, 39.26333]"
Kediri,12270,Valid,L4,,1940-01-01T00:00:00.000,-7.750000,112.016670,"[112.01667, -7.75]"
Kemer,53654,Valid,L4,,2008-01-01T00:00:00.000,36.541940,29.418220,"[29.41822, 36.54194]"
Kendleton,12275,Valid,L4,,1939-01-01T00:00:00.000,29.450000,-96.000000,"[-96, 29.45]"
Kendrapara,12276,Valid,H4-5,,2003-01-01T00:00:00.000,20.462500,86.702780,"[86.70278, 20.4625]"
Kerilis,12282,Valid,H5,,1874-01-01T00:00:00.000,48.400000,-3.300000,"[-3.3, 48.4]"
Kernouve,12284,Valid,H6,,1869-01-01T00:00:00.000,48.116670,-3.083330,"[-3.08333, 48.11667]"
Kesen,12286,Valid,H4,,1850-01-01T00:00:00.000,38.983330,141.616670,"[141.61667, 38.98333]"
Khairpur,12288,Valid,EL6,,1873-01-01T00:00:00.000,29.533330,72.300000,"[72.3, 29.53333]"
Khanpur,12289,Valid,LL5,,1932-01-01T00:00:00.000,25.550000,83.116670,"[83.11667, 25.55]"
Kharkov,12291,Valid,L6,,1787-01-01T00:00:00.000,50.625000,35.075000,"[35.075, 50.625]"
Kheragur,12294,Valid,L6,,1860-01-01T00:00:00.000,26.950000,77.883330,"[77.88333, 26.95]"
Khetri,12296,Valid,H6,,1867-01-01T00:00:00.000,28.016670,75.816670,"[75.81667, 28.01667]"
Khmelevka,12297,Valid,L5,,1929-01-01T00:00:00.000,56.750000,75.333330,"[75.33333, 56.75]"
Khohar,12298,Valid,L3.6,,1910-01-01T00:00:00.000,25.100000,81.533330,"[81.53333, 25.1]"
Khor Temiki,12299,Valid,Aubrite,,1932-01-01T00:00:00.000,16.000000,36.000000,"[36, 16]"
Kidairat,12300,Valid,H6,,1983-01-01T00:00:00.000,14.000000,28.000000,"[28, 14]"
Kiel,12301,Valid,L6,,1962-01-01T00:00:00.000,54.400000,10.150000,"[10.15, 54.4]"
Kiffa,12303,Valid,H5,,1970-01-01T00:00:00.000,16.583330,-11.333330,"[-11.33333, 16.58333]"
Kijima (1906),12305,Valid,Stone-uncl,,1906-01-01T00:00:00.000,36.850000,138.383330,"[138.38333, 36.85]"
Kikino,12306,Valid,H6,,1809-01-01T00:00:00.000,55.000000,34.000000,"[34, 55]"
Kilabo,12307,Valid,LL6,,2002-01-01T00:00:00.000,12.766670,9.800000,"[9.8, 12.76667]"
Kilbourn,12308,Valid,H5,,1911-01-01T00:00:00.000,43.583330,-89.600000,"[-89.6, 43.58333]"
Killeter,12309,Valid,H6,,1844-01-01T00:00:00.000,54.666670,-7.666670,"[-7.66667, 54.66667]"
Kingai,12316,Valid,H6,,1967-01-01T00:00:00.000,11.633330,24.683330,"[24.68333, 11.63333]"
Kirbyville,12321,Valid,Eucrite-mmict,,1906-01-01T00:00:00.000,30.750000,-95.950000,"[-95.95, 30.75]"
Kisvarsány,12325,Valid,L6,,1914-01-01T00:00:00.000,48.166670,22.308330,"[22.30833, 48.16667]"
Kitchener,12326,Valid,L6,,1998-01-01T00:00:00.000,43.383330,-80.383330,"[-80.38333, 43.38333]"
Klein-Wenden,12332,Valid,H6,,1843-01-01T00:00:00.000,51.600000,10.800000,"[10.8, 51.6]"
Knyahinya,12335,Valid,L/LL5,,1866-01-01T00:00:00.000,48.900000,22.400000,"[22.4, 48.9]"
Kobe,12336,Valid,CK4,,1999-01-01T00:00:00.000,34.733330,135.166670,"[135.16667, 34.73333]"
Kokubunji,12342,Valid,L6,,1986-01-01T00:00:00.000,34.300000,133.950000,"[133.95, 34.3]"
Komagome,12343,Valid,Iron,,1926-01-01T00:00:00.000,35.733330,139.750000,"[139.75, 35.73333]"
Konovo,12344,Valid,LL5,,1931-01-01T00:00:00.000,42.516670,26.166670,"[26.16667, 42.51667]"
Košice,53810,Valid,H5,,2010-01-01T00:00:00.000,48.763670,21.176330,"[21.17633, 48.76367]"
Krähenberg,12353,Valid,LL5,,1869-01-01T00:00:00.000,49.326940,7.464720,"[7.46472, 49.32694]"
Krasnoi-Ugol,12355,Valid,L6,,1829-01-01T00:00:00.000,54.033330,40.900000,"[40.9, 54.03333]"
Krasnyi Klyuch,12357,Valid,H5,,1946-01-01T00:00:00.000,54.333330,56.083330,"[56.08333, 54.33333]"
Krutikha,12363,Valid,OC,,1906-01-01T00:00:00.000,56.800000,77.000000,"[77, 56.8]"
Krymka,12364,Valid,LL3.2,,1946-01-01T00:00:00.000,47.833330,30.766670,"[30.76667, 47.83333]"
Kukschin,12368,Valid,L6,,1938-01-01T00:00:00.000,51.150000,31.700000,"[31.7, 51.15]"
Kulak,12369,Valid,L5,,1961-01-01T00:00:00.000,30.731110,66.802220,"[66.80222, 30.73111]"
Kuleschovka,12370,Valid,L6,,1811-01-01T00:00:00.000,50.750000,33.500000,"[33.5, 50.75]"
Kulp,12373,Valid,H6,,1906-01-01T00:00:00.000,41.116670,45.000000,"[45, 41.11667]"
Kunashak,12377,Valid,L6,,1949-01-01T00:00:00.000,55.783330,61.366670,"[61.36667, 55.78333]"
Kunya-Urgench,12379,Valid,H5,,1998-01-01T00:00:00.000,42.250000,59.200000,"[59.2, 42.25]"
Kushiike,12381,Valid,OC,,1920-01-01T00:00:00.000,37.050000,138.383330,"[138.38333, 37.05]"
Kusiali,12382,Valid,L6,,1860-01-01T00:00:00.000,29.683330,78.383330,"[78.38333, 29.68333]"
Kutais,12383,Valid,H5,,1977-01-01T00:00:00.000,44.516670,39.300000,"[39.3, 44.51667]"
Kuttippuram,12384,Valid,L6,,1914-01-01T00:00:00.000,10.833330,76.033330,"[76.03333, 10.83333]"
Kuznetzovo,12385,Valid,L6,,1932-01-01T00:00:00.000,55.200000,75.333330,"[75.33333, 55.2]"
Kyushu,12390,Valid,L6,,1886-01-01T00:00:00.000,32.033330,130.633330,"[130.63333, 32.03333]"
La Bécasse,12392,Valid,L6,,1879-01-01T00:00:00.000,47.083330,1.750000,"[1.75, 47.08333]"
La Charca,12394,Valid,OC,,1878-01-01T00:00:00.000,20.666670,-101.283330,"[-101.28333, 20.66667]"
La Colina,12395,Valid,H5,,1924-01-01T00:00:00.000,-37.333330,-61.533330,"[-61.53333, -37.33333]"
La Criolla,12396,Valid,L6,,1985-01-01T00:00:00.000,-31.233330,-58.166670,"[-58.16667, -31.23333]"
Laborel,12408,Valid,H5,,1871-01-01T00:00:00.000,44.283330,5.583330,"[5.58333, 44.28333]"
Lahrauli,12433,Valid,Ureilite,,1955-01-01T00:00:00.000,26.783330,82.716670,"[82.71667, 26.78333]"
L'Aigle,12434,Valid,L6,,1803-01-01T00:00:00.000,48.766670,0.633330,"[0.63333, 48.76667]"
Cumulus Hills 04075,32531,Valid,Pallasite,,2003-01-01T00:00:00.000,,,[]
Lakangaon,12435,Valid,Eucrite-mmict,,1910-01-01T00:00:00.000,21.866670,76.033330,"[76.03333, 21.86667]"
Lalitpur,12451,Valid,L6,,1887-01-01T00:00:00.000,24.450000,78.566670,"[78.56667, 24.45]"
Lancé,12455,Valid,CO3.5,,1872-01-01T00:00:00.000,47.700000,1.066670,"[1.06667, 47.7]"
Lancon,12456,Valid,H6,,1897-01-01T00:00:00.000,43.750000,5.116670,"[5.11667, 43.75]"
Långhalsen,12461,Valid,L6,,1947-01-01T00:00:00.000,58.850000,16.733330,"[16.73333, 58.85]"
Lanxi,12464,Valid,L6,,1986-01-01T00:00:00.000,46.241670,126.196110,"[126.19611, 46.24167]"
Lanzenkirchen,12465,Valid,L4,,1925-01-01T00:00:00.000,47.750000,16.233330,"[16.23333, 47.75]"
Laochenzhen,12466,Valid,H5,,1987-01-01T00:00:00.000,33.133330,115.166670,"[115.16667, 33.13333]"
Launton,12740,Valid,L6,,1830-01-01T00:00:00.000,51.900000,-1.116670,"[-1.11667, 51.9]"
Lavrentievka,12743,Valid,L6,,1938-01-01T00:00:00.000,52.450000,51.566670,"[51.56667, 52.45]"
Le Pressoir,12748,Valid,H5,,1845-01-01T00:00:00.000,47.166670,0.433330,"[0.43333, 47.16667]"
Le Teilleul,12749,Valid,Howardite,,1845-01-01T00:00:00.000,48.533330,-0.866670,"[-0.86667, 48.53333]"
Leedey,12755,Valid,L6,,1943-01-01T00:00:00.000,35.883330,-99.333330,"[-99.33333, 35.88333]"
Leeuwfontein,12756,Valid,L6,,1912-01-01T00:00:00.000,-25.666670,28.366670,"[28.36667, -25.66667]"
Leighlinbridge,12759,Valid,L6,,1999-01-01T00:00:00.000,52.666670,-6.966670,"[-6.96667, 52.66667]"
Leighton,12760,Valid,H5,,1907-01-01T00:00:00.000,34.583330,-87.500000,"[-87.5, 34.58333]"
Leonovka,12765,Valid,L6,,1900-01-01T00:00:00.000,52.266670,32.850000,"[32.85, 52.26667]"
Les Ormes,12769,Valid,L6,,1857-01-01T00:00:00.000,48.350000,3.250000,"[3.25, 48.35]"
Lesves,12772,Valid,L6,,1896-01-01T00:00:00.000,50.366670,4.733330,"[4.73333, 50.36667]"
Lichtenberg,14646,Valid,H6,,1973-01-01T00:00:00.000,-26.150000,26.183330,"[26.18333, -26.15]"
Lillaverke,14650,Valid,H5,,1930-01-01T00:00:00.000,56.650000,15.866670,"[15.86667, 56.65]"
Limerick,14652,Valid,H5,,1813-01-01T00:00:00.000,52.566670,-8.783330,"[-8.78333, 52.56667]"
Linum,14655,Valid,L6,,1854-01-01T00:00:00.000,52.750000,12.900000,"[12.9, 52.75]"
Lishui,14659,Valid,L5,,1978-01-01T00:00:00.000,31.633330,118.983330,"[118.98333, 31.63333]"
Lissa,14661,Valid,L6,,1808-01-01T00:00:00.000,50.200000,14.850000,"[14.85, 50.2]"
Little Piney,14664,Valid,L5,,1839-01-01T00:00:00.000,37.916670,-92.083330,"[-92.08333, 37.91667]"
Lixna,14670,Valid,H4,,1820-01-01T00:00:00.000,56.000000,26.433330,"[26.43333, 56]"
Lodran,14675,Valid,Lodranite,,1868-01-01T00:00:00.000,29.533330,71.800000,"[71.8, 29.53333]"
Lohawat,14678,Valid,Howardite,,1994-01-01T00:00:00.000,26.965560,72.626670,"[72.62667, 26.96556]"
Lorton,52843,Valid,L6,,2010-01-01T00:00:00.000,38.700660,-77.211630,"[-77.21163, 38.70066]"
Los Martinez,14708,Valid,L6,,1894-01-01T00:00:00.000,38.000000,-0.833330,"[-0.83333, 38]"
Lost City,14711,Valid,H5,,1970-01-01T00:00:00.000,36.008330,-95.150000,"[-95.15, 36.00833]"
Louisville,14716,Valid,L6,,1977-01-01T00:00:00.000,38.250000,-85.750000,"[-85.75, 38.25]"
Łowicz,14718,Valid,Mesosiderite-A3,,1935-01-01T00:00:00.000,52.000000,19.916670,"[19.91667, 52]"
Lua,14721,Valid,L5,,1926-01-01T00:00:00.000,24.950000,75.150000,"[75.15, 24.95]"
Lucé,14724,Valid,L6,,1768-01-01T00:00:00.000,47.850000,0.483330,"[0.48333, 47.85]"
Lumpkin,14753,Valid,L6,,1869-01-01T00:00:00.000,32.033330,-84.766670,"[-84.76667, 32.03333]"
Lunan,14754,Valid,H6,,1980-01-01T00:00:00.000,24.800000,103.300000,"[103.3, 24.8]"
Lundsgård,14755,Valid,L6,,1889-01-01T00:00:00.000,56.216670,13.033330,"[13.03333, 56.21667]"
Luotolax,14756,Valid,Howardite,,1813-01-01T00:00:00.000,61.200000,27.700000,"[27.7, 61.2]"
Luponnas,14757,Valid,H3-5,,1753-01-01T00:00:00.000,46.216670,5.000000,"[5, 46.21667]"
Lusaka,14759,Valid,Unknown,,1951-01-01T00:00:00.000,-7.216670,29.433330,"[29.43333, -7.21667]"
Mabwe-Khoywa,14764,Valid,L5,,1937-01-01T00:00:00.000,19.000000,97.000000,"[97, 19]"
Macau,15370,Valid,H5,,1836-01-01T00:00:00.000,-5.200000,-36.666670,"[-36.66667, -5.2]"
Machinga,15371,Valid,L6,,1981-01-01T00:00:00.000,-15.212220,35.242220,"[35.24222, -15.21222]"
Macibini,15372,Valid,Eucrite-pmict,,1936-01-01T00:00:00.000,-28.833330,31.950000,"[31.95, -28.83333]"
Madhipura,15379,Valid,L,,1950-01-01T00:00:00.000,25.916670,86.366670,"[86.36667, 25.91667]"
Madiun,15380,Valid,L6,,1935-01-01T00:00:00.000,-7.750000,111.533330,"[111.53333, -7.75]"
Madrid,15382,Valid,L6,,1896-01-01T00:00:00.000,40.416670,-3.716670,"[-3.71667, 40.41667]"
Mafra,15383,Valid,L3-4,,1941-01-01T00:00:00.000,-26.166670,-49.933330,"[-49.93333, -26.16667]"
Magnesia,15386,Valid,"Iron, IAB-sHL",,1899-01-01T00:00:00.000,37.866670,27.516670,"[27.51667, 37.86667]"
Magombedze,15387,Valid,H3-5,,1990-01-01T00:00:00.000,-19.483330,31.650000,"[31.65, -19.48333]"
Mahadevpur,47361,Valid,H4/5,,2007-01-01T00:00:00.000,27.666670,95.783330,"[95.78333, 27.66667]"
Maigatari-Danduma,30751,Valid,H5/6,,2004-01-01T00:00:00.000,12.833330,9.383330,"[9.38333, 12.83333]"
Malaga,15393,Valid,OC,,1933-01-01T00:00:00.000,32.216670,-104.000000,"[-104, 32.21667]"
Malakal,15394,Valid,L5,,1970-01-01T00:00:00.000,9.500000,31.750000,"[31.75, 9.5]"
Malampaka,15395,Valid,H,,1930-01-01T00:00:00.000,-3.133330,33.516670,"[33.51667, -3.13333]"
Malotas,15397,Valid,H5,,1931-01-01T00:00:00.000,-28.933330,-63.233330,"[-63.23333, -28.93333]"
Malvern,15400,Valid,Eucrite-pmict,,1933-01-01T00:00:00.000,-29.450000,26.766670,"[26.76667, -29.45]"
Mamra Springs,15401,Valid,L6,,1927-01-01T00:00:00.000,45.216670,62.083330,"[62.08333, 45.21667]"
Manbhoom,15402,Valid,LL6,,1863-01-01T00:00:00.000,23.050000,86.700000,"[86.7, 23.05]"
Manegaon,15403,Valid,Diogenite,,1843-01-01T00:00:00.000,20.966670,76.100000,"[76.1, 20.96667]"
Mangwendi,15405,Valid,LL6,,1934-01-01T00:00:00.000,-17.650000,31.600000,"[31.6, -17.65]"
Manych,15409,Valid,LL3.4,,1951-01-01T00:00:00.000,45.816670,44.633330,"[44.63333, 45.81667]"
Mardan,15414,Valid,H5,,1948-01-01T00:00:00.000,34.233330,72.083330,"[72.08333, 34.23333]"
Maria Linden,15418,Valid,L4,,1925-01-01T00:00:00.000,,,[]
Mariaville,15419,Valid,Iron,,1898-01-01T00:00:00.000,42.716670,-99.383330,"[-99.38333, 42.71667]"
Maribo,48973,Valid,CM2,,2009-01-01T00:00:00.000,54.761830,11.467450,"[11.46745, 54.76183]"
Maridi,15421,Valid,H6,,1941-01-01T00:00:00.000,4.666670,29.250000,"[29.25, 4.66667]"
Marilia,15422,Valid,H4,,1971-01-01T00:00:00.000,-22.250000,-49.933330,"[-49.93333, -22.25]"
Marion (Iowa),15424,Valid,L6,,1847-01-01T00:00:00.000,41.900000,-91.600000,"[-91.6, 41.9]"
Marjalahti,15426,Valid,"Pallasite, PMG",,1902-01-01T00:00:00.000,61.500000,30.500000,"[30.5, 61.5]"
Marmande,15429,Valid,L5,,1848-01-01T00:00:00.000,44.500000,0.150000,"[0.15, 44.5]"
Maromandia,15430,Valid,L6,,2002-01-01T00:00:00.000,-14.200000,48.100000,"[48.1, -14.2]"
Maryville,15436,Valid,L6,,1983-01-01T00:00:00.000,35.800000,-84.100000,"[-84.1, 35.8]"
Mascombes,15438,Valid,L6,,1836-01-01T00:00:00.000,45.366670,1.866670,"[1.86667, 45.36667]"
Mason Gully,53653,Valid,H5,,2010-01-01T00:00:00.000,0.000000,0.000000,"[0, 0]"
Mässing,15443,Valid,Howardite,,1803-01-01T00:00:00.000,48.133330,12.616670,"[12.61667, 48.13333]"
Mauerkirchen,15446,Valid,L6,,1768-01-01T00:00:00.000,48.183330,13.133330,"[13.13333, 48.18333]"
Mauritius,15447,Valid,L6,,1801-01-01T00:00:00.000,-20.000000,57.000000,"[57, -20]"
Mayo Belwa,15451,Valid,Aubrite,,1974-01-01T00:00:00.000,8.966670,12.083330,"[12.08333, 8.96667]"
Mazapil,15453,Valid,"Iron, IAB-sLL",,1885-01-01T00:00:00.000,24.683330,-101.683330,"[-101.68333, 24.68333]"
Maziba,15454,Valid,L6,,1942-01-01T00:00:00.000,-1.216670,30.000000,"[30, -1.21667]"
Mbale,15455,Valid,L5/6,,1992-01-01T00:00:00.000,1.066670,34.166670,"[34.16667, 1.06667]"
Medanitos,15467,Valid,Eucrite-cm,,1953-01-01T00:00:00.000,-27.250000,-67.500000,"[-67.5, -27.25]"
Meerut,15469,Valid,H5,,1861-01-01T00:00:00.000,29.016670,77.800000,"[77.8, 29.01667]"
Meester-Cornelis,15470,Valid,H5,,1915-01-01T00:00:00.000,-6.233330,106.883330,"[106.88333, -6.23333]"
Menow,15485,Valid,H4,,1862-01-01T00:00:00.000,53.183330,13.150000,"[13.15, 53.18333]"
Menziswyl,15486,Valid,L5,,1903-01-01T00:00:00.000,46.818670,7.218170,"[7.21817, 46.81867]"
Mern,15489,Valid,L6,,1878-01-01T00:00:00.000,55.050000,12.066670,"[12.06667, 55.05]"
Meru,15491,Valid,LL6,,1945-01-01T00:00:00.000,0.000000,37.666670,"[37.66667, 0]"
Merua,15492,Valid,H5,,1920-01-01T00:00:00.000,25.483330,81.983330,"[81.98333, 25.48333]"
Messina,15495,Valid,L5,,1955-01-01T00:00:00.000,38.183330,15.566670,"[15.56667, 38.18333]"
Meuselbach,16626,Valid,L6,,1897-01-01T00:00:00.000,50.583330,11.100000,"[11.1, 50.58333]"
Mezel,16627,Valid,L6,,1949-01-01T00:00:00.000,45.766670,3.250000,"[3.25, 45.76667]"
Mezö-Madaras,16628,Valid,L3.7,,1852-01-01T00:00:00.000,46.500000,25.733330,"[25.73333, 46.5]"
Mhow,16629,Valid,L6,,1827-01-01T00:00:00.000,25.900000,83.616670,"[83.61667, 25.9]"
Mianchi,16631,Valid,H5,,1980-01-01T00:00:00.000,34.800000,111.700000,"[111.7, 34.8]"
Middlesbrough,16632,Valid,L6,,1881-01-01T00:00:00.000,54.566670,-1.166670,"[-1.16667, 54.56667]"
Mifflin,52090,Valid,L5,,2010-01-01T00:00:00.000,42.907500,-90.365560,"[-90.36556, 42.9075]"
Mighei,16634,Valid,CM2,,1889-01-01T00:00:00.000,48.066670,30.966670,"[30.96667, 48.06667]"
Mihonoseki,16635,Valid,L6,,1992-01-01T00:00:00.000,35.568330,133.220000,"[133.22, 35.56833]"
Mike,16636,Valid,L6,,1944-01-01T00:00:00.000,46.233330,17.533330,"[17.53333, 46.23333]"
Milena,16640,Valid,L6,,1842-01-01T00:00:00.000,46.183330,16.100000,"[16.1, 46.18333]"
Millbillillie,16643,Valid,Eucrite-mmict,,1960-01-01T00:00:00.000,-26.450000,120.366670,"[120.36667, -26.45]"
Miller (Arkansas),16645,Valid,H5,,1930-01-01T00:00:00.000,35.400000,-92.050000,"[-92.05, 35.4]"
Minamino,16692,Valid,L,,1632-01-01T00:00:00.000,35.078330,136.933330,"[136.93333, 35.07833]"
Mineo,16696,Valid,Pallasite,,1826-01-01T00:00:00.000,37.283330,14.700000,"[14.7, 37.28333]"
Min-Fan-Zhun,16697,Valid,LL6,,1952-01-01T00:00:00.000,32.333330,120.666670,"[120.66667, 32.33333]"
Minnichhof,16700,Valid,OC,,1905-01-01T00:00:00.000,47.700000,16.600000,"[16.6, 47.7]"
Mirzapur,16701,Valid,L5,,1910-01-01T00:00:00.000,25.683330,83.250000,"[83.25, 25.68333]"
Misshof,16703,Valid,H5,,1890-01-01T00:00:00.000,56.666670,23.000000,"[23, 56.66667]"
Mjelleim,16707,Valid,H,,1898-01-01T00:00:00.000,61.733330,5.933330,"[5.93333, 61.73333]"
Mocs,16709,Valid,L5-6,,1882-01-01T00:00:00.000,46.800000,24.033330,"[24.03333, 46.8]"
Modoc (1905),16711,Valid,L6,,1905-01-01T00:00:00.000,38.500000,-101.100000,"[-101.1, 38.5]"
Mokoia,16713,Valid,CV3,,1908-01-01T00:00:00.000,-39.633330,174.400000,"[174.4, -39.63333]"
Molina,16715,Valid,H5,,1858-01-01T00:00:00.000,38.116670,-1.166670,"[-1.16667, 38.11667]"
Molteno,16717,Valid,Howardite,,1953-01-01T00:00:00.000,-31.250000,26.466670,"[26.46667, -31.25]"
Monahans (1998),16719,Valid,H5,,1998-01-01T00:00:00.000,31.608330,-102.858330,"[-102.85833, 31.60833]"
Monroe,16720,Valid,H4,,1849-01-01T00:00:00.000,35.250000,-80.500000,"[-80.5, 35.25]"
Monte das Fortes,16725,Valid,L5,,1950-01-01T00:00:00.000,38.016670,-8.250000,"[-8.25, 38.01667]"
Monte Milone,16726,Valid,L5,,1846-01-01T00:00:00.000,43.266670,13.350000,"[13.35, 43.26667]"
Montferré,16727,Valid,H5,,1923-01-01T00:00:00.000,43.390560,1.962500,"[1.9625, 43.39056]"
Montlivault,16729,Valid,L6,,1838-01-01T00:00:00.000,47.633330,1.583330,"[1.58333, 47.63333]"
Monze,16733,Valid,L6,,1950-01-01T00:00:00.000,-15.966670,27.350000,"[27.35, -15.96667]"
Moore County,16736,Valid,Eucrite-cm,,1913-01-01T00:00:00.000,35.416670,-79.383330,"[-79.38333, 35.41667]"
Mooresfort,16737,Valid,H5,,1810-01-01T00:00:00.000,52.450000,-8.333330,"[-8.33333, 52.45]"
Moorleah,16738,Valid,L6,,1930-01-01T00:00:00.000,-40.975000,145.600000,"[145.6, -40.975]"
Moradabad,16740,Valid,L6,,1808-01-01T00:00:00.000,28.783330,78.833330,"[78.83333, 28.78333]"
Morávka,16742,Valid,H5,,2000-01-01T00:00:00.000,49.600000,18.533330,"[18.53333, 49.6]"
Mornans,16747,Valid,H5,,1875-01-01T00:00:00.000,44.600000,5.133330,"[5.13333, 44.6]"
Moss,36592,Valid,CO3.6,,2006-01-01T00:00:00.000,59.433330,10.700000,"[10.7, 59.43333]"
Moti-ka-nagla,16759,Valid,H6,,1868-01-01T00:00:00.000,26.833330,77.333330,"[77.33333, 26.83333]"
Motta di Conti,16762,Valid,H4,,1868-01-01T00:00:00.000,45.200000,8.500000,"[8.5, 45.2]"
Mount Browne,16766,Valid,H6,,1902-01-01T00:00:00.000,-29.800000,141.700000,"[141.7, -29.8]"
Mount Tazerzait,16804,Valid,L5,,1991-01-01T00:00:00.000,18.700000,4.800000,"[4.8, 18.7]"
Mount Vaisi,16805,Valid,Stone-uncl,,1637-01-01T00:00:00.000,44.083330,6.866670,"[6.86667, 44.08333]"
Mtola,16820,Valid,Stone-uncl,,1944-01-01T00:00:00.000,-11.500000,33.500000,"[33.5, -11.5]"
Muddoor,16841,Valid,L5,,1865-01-01T00:00:00.000,12.633330,77.016670,"[77.01667, 12.63333]"
Mulletiwu,16851,Valid,L,,1795-01-01T00:00:00.000,9.333330,80.833330,"[80.83333, 9.33333]"
Muraid,16874,Valid,L6,,1924-01-01T00:00:00.000,24.500000,90.216670,"[90.21667, 24.5]"
Murchison,16875,Valid,CM2,,1969-01-01T00:00:00.000,-36.616670,145.200000,"[145.2, -36.61667]"
Murray,16882,Valid,CM2,,1950-01-01T00:00:00.000,36.600000,-88.100000,"[-88.1, 36.6]"
Muzaffarpur,16885,Valid,"Iron, IAB-sHL",,1964-01-01T00:00:00.000,26.133330,85.533330,"[85.53333, 26.13333]"
Myhee Caunta,16887,Valid,OC,,1842-01-01T00:00:00.000,23.050000,72.633330,"[72.63333, 23.05]"
Nadiabondi,16889,Valid,H5,,1956-01-01T00:00:00.000,12.000000,1.000000,"[1, 12]"
Nagai,16890,Valid,L6,,1922-01-01T00:00:00.000,38.121670,140.061670,"[140.06167, 38.12167]"
Nagaria,16892,Valid,Eucrite-cm,,1875-01-01T00:00:00.000,26.983330,78.216670,"[78.21667, 26.98333]"
Nagy-Borové,16893,Valid,L5,,1895-01-01T00:00:00.000,49.166670,19.500000,"[19.5, 49.16667]"
Nakhla,16898,Valid,Martian (nakhlite),,1911-01-01T00:00:00.000,31.316670,30.350000,"[30.35, 31.31667]"
Nakhon Pathom,16899,Valid,L6,,1923-01-01T00:00:00.000,13.733330,100.083330,"[100.08333, 13.73333]"
Nammianthal,16902,Valid,H5,,1886-01-01T00:00:00.000,12.283330,79.200000,"[79.2, 12.28333]"
Nan Yang Pao,16903,Valid,L6,,1917-01-01T00:00:00.000,35.666670,103.500000,"[103.5, 35.66667]"
Nanjemoy,16904,Valid,H6,,1825-01-01T00:00:00.000,38.416670,-77.166670,"[-77.16667, 38.41667]"
Nantong,16907,Valid,H6,,1984-01-01T00:00:00.000,32.116670,121.800000,"[121.8, 32.11667]"
Naoki,16908,Valid,H6,,1928-01-01T00:00:00.000,19.250000,77.000000,"[77, 19.25]"
Naragh,16909,Valid,H6,,1974-01-01T00:00:00.000,33.750000,51.500000,"[51.5, 33.75]"
Narellan,16912,Valid,L6,,1928-01-01T00:00:00.000,-34.050000,150.688890,"[150.68889, -34.05]"
Narni,16914,Valid,Stone-uncl,,0921-01-01T00:00:00.000,42.516670,12.516670,"[12.51667, 42.51667]"
Nassirah,16922,Valid,H4,,1936-01-01T00:00:00.000,-21.733330,165.900000,"[165.9, -21.73333]"
Natal,16923,Valid,Stone-uncl,,1973-01-01T00:00:00.000,,,[]
Nawapali,16927,Valid,CM2,,1890-01-01T00:00:00.000,21.250000,83.666670,"[83.66667, 21.25]"
Neagari,16934,Valid,L6,,1995-01-01T00:00:00.000,36.449170,136.465280,"[136.46528, 36.44917]"
Nedagolla,16935,Valid,"Iron, ungrouped",,1870-01-01T00:00:00.000,18.683330,83.483330,"[83.48333, 18.68333]"
Nejo,16941,Valid,L6,,1970-01-01T00:00:00.000,9.500000,35.333330,"[35.33333, 9.5]"
Nerft,16945,Valid,L6,,1864-01-01T00:00:00.000,56.500000,21.500000,"[21.5, 56.5]"
Neuschwanstein,16950,Valid,EL6,,2002-01-01T00:00:00.000,47.525000,10.808330,"[10.80833, 47.525]"
New Concord,16953,Valid,L6,,1860-01-01T00:00:00.000,40.000000,-81.766670,"[-81.76667, 40]"
New Halfa,16954,Valid,L4,,1994-01-01T00:00:00.000,15.366670,35.683330,"[35.68333, 15.36667]"
New Orleans,16960,Valid,H5,,2003-01-01T00:00:00.000,29.947180,-90.109760,"[-90.10976, 29.94718]"
Ngawi,16966,Valid,LL3.6,,1883-01-01T00:00:00.000,-7.450000,111.416670,"[111.41667, -7.45]"
N'Goureyma,16968,Valid,"Iron, ungrouped",,1900-01-01T00:00:00.000,13.850000,-4.383330,"[-4.38333, 13.85]"
Nicorps,16970,Valid,Stone-uncl,,1750-01-01T00:00:00.000,49.033330,-1.433330,"[-1.43333, 49.03333]"
Niger (L6),16974,Valid,L6,,1967-01-01T00:00:00.000,,,[]
Niger (LL6),16975,Valid,LL6,,1967-01-01T00:00:00.000,,,[]
Nikolaevka,16976,Valid,H4,,1935-01-01T00:00:00.000,52.450000,78.633330,"[78.63333, 52.45]"
Nikolskoe,16977,Valid,L4,,1954-01-01T00:00:00.000,56.116670,37.333330,"[37.33333, 56.11667]"
Ningbo,16980,Valid,"Iron, IVA",,1975-01-01T00:00:00.000,29.866670,121.483330,"[121.48333, 29.86667]"
Ningqiang,16981,Valid,C3-ung,,1983-01-01T00:00:00.000,32.925000,105.906670,"[105.90667, 32.925]"
Nio,16982,Valid,H3-4,,1897-01-01T00:00:00.000,34.200000,131.566670,"[131.56667, 34.2]"
N'Kandhla,16983,Valid,"Iron, IID",,1912-01-01T00:00:00.000,-28.566670,30.700000,"[30.7, -28.56667]"
Nobleborough,16984,Valid,Eucrite-pmict,,1823-01-01T00:00:00.000,44.083330,-69.483330,"[-69.48333, 44.08333]"
Noblesville,16985,Valid,H4-6,,1991-01-01T00:00:00.000,40.085280,-86.055000,"[-86.055, 40.08528]"
Nogata,16988,Valid,L6,,0861-01-01T00:00:00.000,33.725000,130.750000,"[130.75, 33.725]"
Nogoya,16989,Valid,CM2,,1879-01-01T00:00:00.000,-32.366670,-59.833330,"[-59.83333, -32.36667]"
Norfork,16994,Valid,"Iron, IIIAB",,1918-01-01T00:00:00.000,36.216670,-92.266670,"[-92.26667, 36.21667]"
Norton County,17922,Valid,Aubrite,,1948-01-01T00:00:00.000,39.683330,-99.866670,"[-99.86667, 39.68333]"
Noventa Vicentina,17930,Valid,H4,,1971-01-01T00:00:00.000,45.291670,11.527220,"[11.52722, 45.29167]"
Novo-Urei,17933,Valid,Ureilite,,1886-01-01T00:00:00.000,54.816670,46.000000,"[46, 54.81667]"
Novy-Ergi,17934,Valid,Stone-uncl,,1662-01-01T00:00:00.000,58.550000,31.333330,"[31.33333, 58.55]"
Novy-Projekt,17935,Valid,OC,,1908-01-01T00:00:00.000,56.000000,22.000000,"[22, 56]"
Noyan-Bogdo,17936,Valid,L6,,1933-01-01T00:00:00.000,42.916670,102.466670,"[102.46667, 42.91667]"
Nuevo Mercurio,17938,Valid,H5,,1978-01-01T00:00:00.000,24.300000,-102.133330,"[-102.13333, 24.3]"
Nulles,17959,Valid,H6,,1851-01-01T00:00:00.000,41.633330,0.750000,"[0.75, 41.63333]"
Numakai,17960,Valid,H4,,1925-01-01T00:00:00.000,43.333330,141.866670,"[141.86667, 43.33333]"
Nyaung,17969,Valid,"Iron, IIIAB",,1939-01-01T00:00:00.000,21.208330,94.916670,"[94.91667, 21.20833]"
Nyirábrany,17970,Valid,LL5,,1914-01-01T00:00:00.000,47.550000,22.025000,"[22.025, 47.55]"
Ochansk,17979,Valid,H4,,1887-01-01T00:00:00.000,57.783330,55.266670,"[55.26667, 57.78333]"
Oesede,17988,Valid,H5,,1927-01-01T00:00:00.000,52.283330,8.050000,"[8.05, 52.28333]"
Oesel,17989,Valid,L6,,1855-01-01T00:00:00.000,58.500000,23.000000,"[23, 58.5]"
Ofehértó,17990,Valid,L6,,1900-01-01T00:00:00.000,47.883330,22.033330,"[22.03333, 47.88333]"
Ogi,17994,Valid,H6,,1741-01-01T00:00:00.000,33.283330,130.200000,"[130.2, 33.28333]"
Ohaba,17995,Valid,H5,,1857-01-01T00:00:00.000,46.066670,23.583330,"[23.58333, 46.06667]"
Ohuma,17996,Valid,L5,,1963-01-01T00:00:00.000,6.750000,8.500000,"[8.5, 6.75]"
Ojuelos Altos,17997,Valid,L6,,1926-01-01T00:00:00.000,38.183330,-5.400000,"[-5.4, 38.18333]"
Okabe,17998,Valid,H5,,1958-01-01T00:00:00.000,36.183330,139.216670,"[139.21667, 36.18333]"
Okano,18000,Valid,"Iron, IIAB",,1904-01-01T00:00:00.000,35.083330,135.200000,"[135.2, 35.08333]"
Okniny,18002,Valid,LL6,,1834-01-01T00:00:00.000,50.833330,25.500000,"[25.5, 50.83333]"
Oldenburg (1930),18009,Valid,L6,,1930-01-01T00:00:00.000,52.950000,8.166670,"[8.16667, 52.95]"
Oliva-Gandia,18012,Valid,Stone-uncl,,1520-01-01T00:00:00.000,39.000000,-0.033330,"[-0.03333, 39]"
Olivenza,18013,Valid,LL5,,1924-01-01T00:00:00.000,38.716670,-7.066670,"[-7.06667, 38.71667]"
Olmedilla de Alarcón,18015,Valid,H5,,1929-01-01T00:00:00.000,39.566670,-2.100000,"[-2.1, 39.56667]"
Omolon,18019,Valid,"Pallasite, PMG",,1981-01-01T00:00:00.000,64.020000,161.808330,"[161.80833, 64.02]"
Orgueil,18026,Valid,CI1,,1864-01-01T00:00:00.000,43.883330,1.383330,"[1.38333, 43.88333]"
Orlando,34489,Valid,Eucrite,,2004-01-01T00:00:00.000,28.547500,-81.362220,"[-81.36222, 28.5475]"
Ornans,18030,Valid,CO3.4,,1868-01-01T00:00:00.000,47.116670,6.150000,"[6.15, 47.11667]"
Ortenau,18033,Valid,Stone-uncl,,1671-01-01T00:00:00.000,48.500000,8.000000,"[8, 48.5]"
Orvinio,18034,Valid,H6,,1872-01-01T00:00:00.000,42.133330,12.933330,"[12.93333, 42.13333]"
Oterøy,18042,Valid,L6,,1928-01-01T00:00:00.000,58.883330,9.400000,"[9.4, 58.88333]"
Otomi,18045,Valid,H,,1867-01-01T00:00:00.000,38.400000,140.350000,"[140.35, 38.4]"
Ottawa,18046,Valid,LL6,,1896-01-01T00:00:00.000,38.600000,-95.216670,"[-95.21667, 38.6]"
Ouadangou,56729,Valid,L5,,2003-01-01T00:00:00.000,12.900000,0.080000,"[0.08, 12.9]"
Oued el Hadjar,18050,Valid,LL6,,1986-01-01T00:00:00.000,30.180000,-6.577170,"[-6.57717, 30.18]"
Oum Dreyga,31282,Valid,H3-5,,2003-01-01T00:00:00.000,24.300000,-13.100000,"[-13.1, 24.3]"
Ourique,18052,Valid,H4,,1998-01-01T00:00:00.000,37.608330,-8.280000,"[-8.28, 37.60833]"
Ovambo,18055,Valid,L6,,1900-01-01T00:00:00.000,-18.000000,16.000000,"[16, -18]"
Oviedo,18058,Valid,H5,,1856-01-01T00:00:00.000,43.400000,-5.866670,"[-5.86667, 43.4]"
Owrucz,18062,Valid,OC,,1775-01-01T00:00:00.000,51.333330,28.833330,"[28.83333, 51.33333]"
Pacula,18068,Valid,L6,,1881-01-01T00:00:00.000,21.050000,-99.300000,"[-99.3, 21.05]"
Padvarninkai,18069,Valid,Eucrite-mmict,,1929-01-01T00:00:00.000,55.666670,25.000000,"[25, 55.66667]"
Paitan,18072,Valid,H6,,1910-01-01T00:00:00.000,17.743330,120.455830,"[120.45583, 17.74333]"
Palahatchie,18073,Valid,OC,,1910-01-01T00:00:00.000,32.316670,-89.716670,"[-89.71667, 32.31667]"
Palca de Aparzo,18074,Valid,L5,,1988-01-01T00:00:00.000,-23.116670,-65.100000,"[-65.1, -23.11667]"
Palinshih,18077,Valid,Iron,,1914-01-01T00:00:00.000,43.483330,118.616670,"[118.61667, 43.48333]"
Palmyra,18079,Valid,L3,,1926-01-01T00:00:00.000,39.800000,-91.500000,"[-91.5, 39.8]"
Palolo Valley,18082,Valid,H5,,1949-01-01T00:00:00.000,21.300000,-157.783330,"[-157.78333, 21.3]"
Dominion Range 03239,32591,Valid,L6,,2002-01-01T00:00:00.000,,,[]
Pampanga,18093,Valid,L5,,1859-01-01T00:00:00.000,15.083330,120.700000,"[120.7, 15.08333]"
Pantar,18098,Valid,H5,,1938-01-01T00:00:00.000,8.066670,124.283330,"[124.28333, 8.06667]"
Paragould,18101,Valid,LL5,,1930-01-01T00:00:00.000,36.066670,-90.500000,"[-90.5, 36.06667]"
Parambu,18102,Valid,LL5,,1967-01-01T00:00:00.000,-6.233330,-40.700000,"[-40.7, -6.23333]"
Paranaiba,18103,Valid,L6,,1956-01-01T00:00:00.000,-19.133330,-51.666670,"[-51.66667, -19.13333]"
Park Forest,18106,Valid,L5,,2003-01-01T00:00:00.000,41.484720,-87.679170,"[-87.67917, 41.48472]"
Parnallee,18108,Valid,LL3.6,,1857-01-01T00:00:00.000,9.233330,78.350000,"[78.35, 9.23333]"
Parsa,18109,Valid,EH3,,1942-01-01T00:00:00.000,26.200000,85.400000,"[85.4, 26.2]"
Pasamonte,18110,Valid,Eucrite-pmict,,1933-01-01T00:00:00.000,36.216670,-103.400000,"[-103.4, 36.21667]"
Patora,18112,Valid,H6,,1969-01-01T00:00:00.000,20.936940,82.050000,"[82.05, 20.93694]"
Patrimonio,18116,Valid,L6,,1950-01-01T00:00:00.000,-19.533330,-48.566670,"[-48.56667, -19.53333]"
Patti,18118,Valid,Iron,,1922-01-01T00:00:00.000,38.133330,14.966670,"[14.96667, 38.13333]"
Patwar,18171,Valid,Mesosiderite-A1,,1935-01-01T00:00:00.000,23.150000,91.183330,"[91.18333, 23.15]"
Pavel,18173,Valid,H5,,1966-01-01T00:00:00.000,43.466670,25.516670,"[25.51667, 43.46667]"
Pavlodar (stone),18175,Valid,H5,,1938-01-01T00:00:00.000,52.300000,77.033330,"[77.03333, 52.3]"
Pavlograd,18176,Valid,L6,,1826-01-01T00:00:00.000,48.533330,35.983330,"[35.98333, 48.53333]"
Pavlovka,18177,Valid,Howardite,,1882-01-01T00:00:00.000,52.033330,43.000000,"[43, 52.03333]"
Pê,18179,Valid,L6,,1989-01-01T00:00:00.000,11.333670,-3.542170,"[-3.54217, 11.33367]"
Peace River,18180,Valid,L6,,1963-01-01T00:00:00.000,56.133330,-117.933330,"[-117.93333, 56.13333]"
Peckelsheim,18181,Valid,Diogenite-pm,,1953-01-01T00:00:00.000,51.666670,9.250000,"[9.25, 51.66667]"
Peekskill,18782,Valid,H6,,1992-01-01T00:00:00.000,41.283330,-73.916670,"[-73.91667, 41.28333]"
Peña Blanca Spring,18786,Valid,Aubrite,,1946-01-01T00:00:00.000,30.125000,-103.116670,"[-103.11667, 30.125]"
Peramiho,18792,Valid,Eucrite-mmict,,1899-01-01T00:00:00.000,-10.666670,35.500000,"[35.5, -10.66667]"
Perpeti,18793,Valid,L6,,1935-01-01T00:00:00.000,23.325000,91.000000,"[91, 23.325]"
Perth,18797,Valid,LL5,,1830-01-01T00:00:00.000,56.400000,-3.433330,"[-3.43333, 56.4]"
Pervomaisky,18798,Valid,L6,,1933-01-01T00:00:00.000,56.633330,39.433330,"[39.43333, 56.63333]"
Pesyanoe,18799,Valid,Aubrite,,1933-01-01T00:00:00.000,55.500000,66.083330,"[66.08333, 55.5]"
Pétèlkolé,18800,Valid,H5,,1995-01-01T00:00:00.000,14.052000,0.420000,"[0.42, 14.052]"
Petersburg,18801,Valid,Eucrite-pmict,,1855-01-01T00:00:00.000,35.300000,-86.633330,"[-86.63333, 35.3]"
Pettiswood,18804,Valid,Stone-uncl,,1779-01-01T00:00:00.000,53.533330,-7.333330,"[-7.33333, 53.53333]"
Phillips County (stone),18808,Valid,L6,,1901-01-01T00:00:00.000,40.000000,-99.250000,"[-99.25, 40]"
Phu Hong,18809,Valid,H4,,1887-01-01T00:00:00.000,11.250000,108.583330,"[108.58333, 11.25]"
Phum Sambo,18811,Valid,H4,,1933-01-01T00:00:00.000,12.000000,105.483330,"[105.48333, 12]"
Phuoc-Binh,18812,Valid,L5,,1941-01-01T00:00:00.000,15.716670,108.100000,"[108.1, 15.71667]"
Piancaldoli,18813,Valid,LL3.4,,1968-01-01T00:00:00.000,44.244170,11.502220,"[11.50222, 44.24417]"
Picote,18816,Valid,Stone-uncl,,1843-01-01T00:00:00.000,41.366670,-6.233330,"[-6.23333, 41.36667]"
Pillistfer,18822,Valid,EL6,,1863-01-01T00:00:00.000,58.666670,25.733330,"[25.73333, 58.66667]"
Piplia Kalan,18831,Valid,Eucrite-mmict,,1996-01-01T00:00:00.000,26.034720,73.941670,"[73.94167, 26.03472]"
Piquetberg,18832,Valid,H,,1881-01-01T00:00:00.000,-32.866670,18.716670,"[18.71667, -32.86667]"
Pirgunje,18834,Valid,L6,,1882-01-01T00:00:00.000,25.800000,88.450000,"[88.45, 25.8]"
Pirthalla,18835,Valid,H6,,1884-01-01T00:00:00.000,29.583330,76.000000,"[76, 29.58333]"
Pitts,18837,Valid,"Iron, IAB-ung",,1921-01-01T00:00:00.000,31.950000,-83.516670,"[-83.51667, 31.95]"
Plantersville,18846,Valid,H6,,1930-01-01T00:00:00.000,30.700000,-96.116670,"[-96.11667, 30.7]"
Pleşcoi,51706,Valid,L5-6,,2008-01-01T00:00:00.000,45.275000,26.709720,"[26.70972, 45.275]"
Ploschkovitz,18849,Valid,L5,,1723-01-01T00:00:00.000,50.533330,14.116670,"[14.11667, 50.53333]"
Pnompehn,18851,Valid,L6,,1868-01-01T00:00:00.000,11.583330,104.916670,"[104.91667, 11.58333]"
Dominion Range 03240,32592,Valid,LL5,,2002-01-01T00:00:00.000,,,[]
Pohlitz,18853,Valid,L5,,1819-01-01T00:00:00.000,50.933330,12.133330,"[12.13333, 50.93333]"
Pokhra,18858,Valid,H5,,1866-01-01T00:00:00.000,26.716670,82.666670,"[82.66667, 26.71667]"
Pollen,18860,Valid,CM2,,1942-01-01T00:00:00.000,66.348330,14.015000,"[14.015, 66.34833]"
Pontlyfni,18865,Valid,Winonaite,,1931-01-01T00:00:00.000,53.036390,-4.319440,"[-4.31944, 53.03639]"
Portales Valley,18874,Valid,H6,,1998-01-01T00:00:00.000,34.175000,-103.295000,"[-103.295, 34.175]"
Portugal,18876,Valid,Stone-uncl,,1796-01-01T00:00:00.000,38.500000,-8.000000,"[-8, 38.5]"
Po-wang Chen,18879,Valid,LL,,1933-01-01T00:00:00.000,31.416670,118.500000,"[118.5, 31.41667]"
Prambachkirchen,18883,Valid,L6,,1932-01-01T00:00:00.000,48.302500,13.940830,"[13.94083, 48.3025]"
Pribram,18887,Valid,H5,,1959-01-01T00:00:00.000,49.666670,14.033330,"[14.03333, 49.66667]"
Pricetown,18888,Valid,L6,,1893-01-01T00:00:00.000,39.116670,-83.850000,"[-83.85, 39.11667]"
Puerto Lápice,45984,Valid,Eucrite-br,,2007-01-01T00:00:00.000,39.350000,-3.516670,"[-3.51667, 39.35]"
Pulsora,18899,Valid,H5,,1863-01-01T00:00:00.000,23.366670,75.183330,"[75.18333, 23.36667]"
Pultusk,18901,Valid,H5,,1868-01-01T00:00:00.000,52.766670,21.266670,"[21.26667, 52.76667]"
Punganaru,18902,Valid,Stone-uncl,,1811-01-01T00:00:00.000,13.333330,78.950000,"[78.95, 13.33333]"
Putinga,18905,Valid,L6,,1937-01-01T00:00:00.000,-29.033330,-53.050000,"[-53.05, -29.03333]"
Qidong,18907,Valid,L/LL5,,1982-01-01T00:00:00.000,32.083330,121.500000,"[121.5, 32.08333]"
Qingzhen,18908,Valid,EH3,,1976-01-01T00:00:00.000,26.533330,106.466670,"[106.46667, 26.53333]"
Queen's Mercy,22357,Valid,H6,,1925-01-01T00:00:00.000,-30.116670,28.700000,"[28.7, -30.11667]"
Quenggouk,22358,Valid,H4,,1857-01-01T00:00:00.000,17.766670,95.183330,"[95.18333, 17.76667]"
Quesa,22360,Valid,"Iron, IAB-ung",,1898-01-01T00:00:00.000,39.000000,-0.666670,"[-0.66667, 39]"
Quija,22361,Valid,H,,1990-01-01T00:00:00.000,44.616670,126.133330,"[126.13333, 44.61667]"
Quincay,22363,Valid,L6,,1851-01-01T00:00:00.000,46.600000,0.250000,"[0.25, 46.6]"
Raco,22368,Valid,H5,,1957-01-01T00:00:00.000,-26.666670,-65.450000,"[-65.45, -26.66667]"
Raghunathpura,22371,Valid,"Iron, IIAB",,1986-01-01T00:00:00.000,27.725280,76.465000,"[76.465, 27.72528]"
Rahimyar Khan,31302,Valid,L5,,1983-01-01T00:00:00.000,28.225000,70.200000,"[70.2, 28.225]"
Rakovka,22376,Valid,L6,,1878-01-01T00:00:00.000,52.983330,37.033330,"[37.03333, 52.98333]"
Ramnagar,22384,Valid,L6,,1940-01-01T00:00:00.000,26.450000,82.900000,"[82.9, 26.45]"
Rampurhat,22385,Valid,LL,,1916-01-01T00:00:00.000,24.166670,87.766670,"[87.76667, 24.16667]"
Ramsdorf,22386,Valid,L6,,1958-01-01T00:00:00.000,51.883330,6.933330,"[6.93333, 51.88333]"
Ranchapur,22387,Valid,H4,,1917-01-01T00:00:00.000,23.983330,87.083330,"[87.08333, 23.98333]"
Rancho de la Presa,22390,Valid,H5,,1899-01-01T00:00:00.000,19.866670,-100.816670,"[-100.81667, 19.86667]"
Rangala,22392,Valid,L6,,1937-01-01T00:00:00.000,25.383330,72.016670,"[72.01667, 25.38333]"
Raoyang,22394,Valid,L6,,1919-01-01T00:00:00.000,38.200000,115.700000,"[115.7, 38.2]"
Ras Tanura,22395,Valid,H6,,1961-01-01T00:00:00.000,26.666670,50.150000,"[50.15, 26.66667]"
Rasgrad,22396,Valid,Stone-uncl,,1740-01-01T00:00:00.000,43.500000,26.533330,"[26.53333, 43.5]"
Ratyn,22398,Valid,Stone-uncl,,1880-01-01T00:00:00.000,52.200000,17.983330,"[17.98333, 52.2]"
Red Canyon Lake,53502,Valid,H5,,2007-01-01T00:00:00.000,38.137420,-119.758120,"[-119.75812, 38.13742]"
Reliegos,22584,Valid,L5,,1947-01-01T00:00:00.000,42.475000,-5.333330,"[-5.33333, 42.475]"
Rembang,22585,Valid,"Iron, IVA",,1919-01-01T00:00:00.000,-6.733330,111.366670,"[111.36667, -6.73333]"
Renazzo,22586,Valid,CR2,,1824-01-01T00:00:00.000,44.766670,11.283330,"[11.28333, 44.76667]"
Renca,22587,Valid,L5,,1925-01-01T00:00:00.000,-32.750000,-65.283330,"[-65.28333, -32.75]"
Renqiu,22589,Valid,L6,,1916-01-01T00:00:00.000,38.666670,116.133330,"[116.13333, 38.66667]"
Repeev Khutor,22590,Valid,"Iron, IIF",,1933-01-01T00:00:00.000,48.600000,45.666670,"[45.66667, 48.6]"
Revelstoke,22592,Valid,CI1,,1965-01-01T00:00:00.000,51.333330,-118.950000,"[-118.95, 51.33333]"
Rewari,22593,Valid,L6,,1929-01-01T00:00:00.000,28.200000,76.666670,"[76.66667, 28.2]"
Rich Mountain,22597,Valid,L6,,1903-01-01T00:00:00.000,35.033330,-83.033330,"[-83.03333, 35.03333]"
Uzcudun,24140,Valid,L,,1948-01-01T00:00:00.000,-44.116670,-66.150000,"[-66.15, -44.11667]"
Richardton,22599,Valid,H5,,1918-01-01T00:00:00.000,46.883330,-102.316670,"[-102.31667, 46.88333]"
Richland Springs,22602,Valid,OC,,1980-01-01T00:00:00.000,31.250000,-99.033330,"[-99.03333, 31.25]"
Richmond,22603,Valid,LL5,,1828-01-01T00:00:00.000,37.466670,-77.500000,"[-77.5, 37.46667]"
Rio Negro,22611,Valid,L4,,1934-01-01T00:00:00.000,-26.100000,-49.800000,"[-49.8, -26.1]"
Rivolta de Bassi,22614,Valid,Stone-uncl,,1491-01-01T00:00:00.000,45.483330,9.516670,"[9.51667, 45.48333]"
Rochester,22637,Valid,H6,,1876-01-01T00:00:00.000,41.083330,-86.283330,"[-86.28333, 41.08333]"
Rockhampton,22640,Valid,Stone-uncl,,1895-01-01T00:00:00.000,-23.383330,150.516670,"[150.51667, -23.38333]"
Roda,22641,Valid,Diogenite,,1871-01-01T00:00:00.000,42.300000,0.550000,"[0.55, 42.3]"
Rodach,22642,Valid,Stone-uncl,,1775-01-01T00:00:00.000,50.350000,10.800000,"[10.8, 50.35]"
Rose City,22766,Valid,H5,,1921-01-01T00:00:00.000,44.516670,-83.950000,"[-83.95, 44.51667]"
Rowton,22773,Valid,"Iron, IIIAB",,1876-01-01T00:00:00.000,52.766670,-2.516670,"[-2.51667, 52.76667]"
Ruhobobo,22780,Valid,L6,,1976-01-01T00:00:00.000,-1.450000,29.833330,"[29.83333, -1.45]"
Rumuruti,22782,Valid,R3.8-6,,1934-01-01T00:00:00.000,0.266670,36.533330,"[36.53333, 0.26667]"
Rupota,22783,Valid,L4-6,,1949-01-01T00:00:00.000,-10.266670,38.766670,"[38.76667, -10.26667]"
Ryechki,22791,Valid,L5,,1914-01-01T00:00:00.000,51.133330,34.500000,"[34.5, 51.13333]"
Sabetmahet,22792,Valid,H5,,1855-01-01T00:00:00.000,27.433330,82.083330,"[82.08333, 27.43333]"
Sabrum,22793,Valid,LL6,,1999-01-01T00:00:00.000,23.083330,91.666670,"[91.66667, 23.08333]"
Sagan,22796,Valid,Stone-uncl,,1636-01-01T00:00:00.000,51.533330,14.883330,"[14.88333, 51.53333]"
Saint-Sauveur,23101,Valid,EH5,,1914-01-01T00:00:00.000,43.733330,1.383330,"[1.38333, 43.73333]"
Saint-Séverin,23102,Valid,LL6,,1966-01-01T00:00:00.000,45.300000,0.233330,"[0.23333, 45.3]"
Sakauchi,23103,Valid,Iron,,1913-01-01T00:00:00.000,35.666670,136.300000,"[136.3, 35.66667]"
Salem,23107,Valid,L6,,1981-01-01T00:00:00.000,44.979170,-122.969440,"[-122.96944, 44.97917]"
Salles,23111,Valid,L5,,1798-01-01T00:00:00.000,46.050000,4.633330,"[4.63333, 46.05]"
Salzwedel,23114,Valid,LL5,,1985-01-01T00:00:00.000,52.750000,11.050000,"[11.05, 52.75]"
Samelia,23115,Valid,"Iron, IIIAB",,1921-01-01T00:00:00.000,25.666670,74.866670,"[74.86667, 25.66667]"
San Juan Capistrano,23128,Valid,H6,,1973-01-01T00:00:00.000,33.484720,-117.662500,"[-117.6625, 33.48472]"
San Michele,31315,Valid,L6,,2002-01-01T00:00:00.000,43.666670,13.000000,"[13, 43.66667]"
San Pedro de Quiles,23130,Valid,L6,,1956-01-01T00:00:00.000,-31.016670,-71.400000,"[-71.4, -31.01667]"
San Pedro Jacuaro,34063,Valid,LL6,,1968-01-01T00:00:00.000,19.766670,-100.650000,"[-100.65, 19.76667]"
Santa Barbara,23161,Valid,L4,,1873-01-01T00:00:00.000,-29.200000,-51.866670,"[-51.86667, -29.2]"
Santa Cruz,23164,Valid,CM2,,1939-01-01T00:00:00.000,24.166670,-99.333330,"[-99.33333, 24.16667]"
Santa Isabel,23165,Valid,L6,,1924-01-01T00:00:00.000,-33.900000,-61.700000,"[-61.7, -33.9]"
Santa Lucia (2008),50909,Valid,L6,,2008-01-01T00:00:00.000,-31.535556,-68.489444,"[-68.489444, -31.535556]"
São Jose do Rio Preto,23171,Valid,H4,,1962-01-01T00:00:00.000,-20.810000,-49.380560,"[-49.38056, -20.81]"
Saratov,23176,Valid,L4,,1918-01-01T00:00:00.000,52.550000,46.550000,"[46.55, 52.55]"
Sasagase,23187,Valid,H,,1688-01-01T00:00:00.000,34.716670,137.783330,"[137.78333, 34.71667]"
Sauguis,23188,Valid,L6,,1868-01-01T00:00:00.000,43.150000,-0.850000,"[-0.85, 43.15]"
Savtschenskoje,23190,Valid,LL4,,1894-01-01T00:00:00.000,47.216670,29.866670,"[29.86667, 47.21667]"
Sayama,23192,Valid,CM2,,1986-01-01T00:00:00.000,35.866670,139.400000,"[139.4, 35.86667]"
Sazovice,23455,Valid,L5,,1934-01-01T00:00:00.000,49.233330,17.566670,"[17.56667, 49.23333]"
Schellin,23457,Valid,L,,1715-01-01T00:00:00.000,53.350000,15.050000,"[15.05, 53.35]"
Schenectady,23458,Valid,H5,,1968-01-01T00:00:00.000,42.860830,-73.950280,"[-73.95028, 42.86083]"
Schönenberg,23460,Valid,L6,,1846-01-01T00:00:00.000,48.116670,10.466670,"[10.46667, 48.11667]"
Searsmont,23472,Valid,H5,,1871-01-01T00:00:00.000,44.366670,-69.200000,"[-69.2, 44.36667]"
Sediköy,23473,Valid,L6,,1917-01-01T00:00:00.000,38.300000,27.133330,"[27.13333, 38.3]"
Segowlie,23476,Valid,LL6,,1853-01-01T00:00:00.000,26.750000,84.783330,"[84.78333, 26.75]"
Selakopi,23481,Valid,H5,,1939-01-01T00:00:00.000,-7.233330,107.333330,"[107.33333, -7.23333]"
Seldebourak,23483,Valid,H5,,1947-01-01T00:00:00.000,22.833330,4.983330,"[4.98333, 22.83333]"
Semarkona,23487,Valid,LL3.00,,1940-01-01T00:00:00.000,22.250000,79.000000,"[79, 22.25]"
Sena,23495,Valid,H4,,1773-01-01T00:00:00.000,41.716670,-0.050000,"[-0.05, 41.71667]"
Senboku,23496,Valid,H6,,1993-01-01T00:00:00.000,39.438330,140.511670,"[140.51167, 39.43833]"
Seoni,23500,Valid,H6,,1966-01-01T00:00:00.000,21.683890,79.500830,"[79.50083, 21.68389]"
Seres,23501,Valid,H4,,1818-01-01T00:00:00.000,41.050000,23.566670,"[23.56667, 41.05]"
Serra de Magé,23502,Valid,Eucrite-cm,,1923-01-01T00:00:00.000,-8.383330,-36.766670,"[-36.76667, -8.38333]"
Sete Lagoas,23504,Valid,H4,,1908-01-01T00:00:00.000,-19.466670,-44.216670,"[-44.21667, -19.46667]"
Sevilla,23508,Valid,LL4,,1862-01-01T00:00:00.000,37.416670,-6.000000,"[-6, 37.41667]"
Sevrukovo,23509,Valid,L5,,1874-01-01T00:00:00.000,50.616670,36.600000,"[36.6, 50.61667]"
Sfax,23512,Valid,L6,,1989-01-01T00:00:00.000,34.750000,10.716670,"[10.71667, 34.75]"
Shalka,23521,Valid,Diogenite,,1850-01-01T00:00:00.000,23.100000,87.300000,"[87.3, 23.1]"
Sharps,23525,Valid,H3.4,,1921-01-01T00:00:00.000,37.833330,-76.700000,"[-76.7, 37.83333]"
Shelburne,23529,Valid,L5,,1904-01-01T00:00:00.000,44.050000,-80.166670,"[-80.16667, 44.05]"
Shergotty,23530,Valid,Martian (shergottite),,1865-01-01T00:00:00.000,24.550000,84.833330,"[84.83333, 24.55]"
Sheyang,23531,Valid,L6,,1976-01-01T00:00:00.000,33.650000,120.066670,"[120.06667, 33.65]"
Shikarpur,23534,Valid,L6,,1921-01-01T00:00:00.000,25.850000,87.577500,"[87.5775, 25.85]"
Shuangyang,23582,Valid,H5,,1971-01-01T00:00:00.000,43.500000,125.666670,"[125.66667, 43.5]"
Shupiyan,23583,Valid,H6,,1912-01-01T00:00:00.000,33.716670,74.833330,"[74.83333, 33.71667]"
Shytal,23584,Valid,L6,,1863-01-01T00:00:00.000,24.333330,90.166670,"[90.16667, 24.33333]"
Siena,23586,Valid,LL5,,1794-01-01T00:00:00.000,43.116670,11.600000,"[11.6, 43.11667]"
Sikhote-Alin,23593,Valid,"Iron, IIAB",,1947-01-01T00:00:00.000,46.160000,134.653330,"[134.65333, 46.16]"
Silao,23594,Valid,H5,,1995-01-01T00:00:00.000,20.933330,-101.383330,"[-101.38333, 20.93333]"
Silistra,55584,Valid,Achondrite-ung,,1917-01-01T00:00:00.000,44.116670,27.266670,"[27.26667, 44.11667]"
Simmern,23603,Valid,H5,,1920-01-01T00:00:00.000,49.983330,7.533330,"[7.53333, 49.98333]"
Sinai,23606,Valid,L6,,1916-01-01T00:00:00.000,30.900000,32.483330,"[32.48333, 30.9]"
Sindhri,23611,Valid,H5,,1901-01-01T00:00:00.000,26.216670,69.550000,"[69.55, 26.21667]"
Sinnai,23613,Valid,H6,,1956-01-01T00:00:00.000,39.300000,9.200000,"[9.2, 39.3]"
Sioux County,23614,Valid,Eucrite-mmict,,1933-01-01T00:00:00.000,42.583330,-103.666670,"[-103.66667, 42.58333]"
Sitathali,23616,Valid,H5,,1875-01-01T00:00:00.000,20.916670,82.583330,"[82.58333, 20.91667]"
Sivas,23617,Valid,H6,,1989-01-01T00:00:00.000,39.824670,36.135830,"[36.13583, 39.82467]"
Sixiangkou,23619,Valid,L5,,1989-01-01T00:00:00.000,32.433330,119.866670,"[119.86667, 32.43333]"
Ski,23621,Valid,L6,,1848-01-01T00:00:00.000,59.733330,10.866670,"[10.86667, 59.73333]"
Slavetic,23626,Valid,H5,,1868-01-01T00:00:00.000,45.683330,15.600000,"[15.6, 45.68333]"
Slobodka,23645,Valid,L4,,1818-01-01T00:00:00.000,55.000000,35.000000,"[35, 55]"
Soheria,23660,Valid,OC,,1960-01-01T00:00:00.000,27.133330,84.066670,"[84.06667, 27.13333]"
Soko-Banja,23661,Valid,LL4,,1877-01-01T00:00:00.000,43.666670,21.866670,"[21.86667, 43.66667]"
Sologne,23663,Valid,H5,,1860-01-01T00:00:00.000,47.366670,1.733330,"[1.73333, 47.36667]"
Sołtmany,53829,Valid,L6,,2011-01-01T00:00:00.000,54.008830,22.005000,"[22.005, 54.00883]"
Sone,23667,Valid,H5,,1866-01-01T00:00:00.000,35.166670,135.333330,"[135.33333, 35.16667]"
Songyuan,23668,Valid,L6,,1993-01-01T00:00:00.000,45.250000,125.000000,"[125, 45.25]"
Sopot,23670,Valid,OC,,1927-01-01T00:00:00.000,44.416670,23.500000,"[23.5, 44.41667]"
Soroti,23671,Valid,"Iron, ungrouped",,1945-01-01T00:00:00.000,1.700000,33.633330,"[33.63333, 1.7]"
St. Caprais-de-Quinsac,23081,Valid,L6,,1883-01-01T00:00:00.000,44.750000,0.050000,"[0.05, 44.75]"
St. Christophe-la-Chartreuse,23082,Valid,L6,,1841-01-01T00:00:00.000,46.950000,-1.500000,"[-1.5, 46.95]"
St. Denis Westrem,23083,Valid,L6,,1855-01-01T00:00:00.000,51.050000,3.750000,"[3.75, 51.05]"
St. Germain-du-Pinel,23087,Valid,H6,,1890-01-01T00:00:00.000,48.016670,-1.150000,"[-1.15, 48.01667]"
St. Louis,23089,Valid,H4,,1950-01-01T00:00:00.000,38.700000,-90.233330,"[-90.23333, 38.7]"
St. Mark's,23090,Valid,EH5,,1903-01-01T00:00:00.000,-32.016670,27.416670,"[27.41667, -32.01667]"
St. Mary's County,23091,Valid,LL3.3,,1919-01-01T00:00:00.000,38.166670,-76.383330,"[-76.38333, 38.16667]"
St. Mesmin,23092,Valid,LL6,,1866-01-01T00:00:00.000,48.450000,3.933330,"[3.93333, 48.45]"
St. Michel,23093,Valid,L6,,1910-01-01T00:00:00.000,61.650000,27.200000,"[27.2, 61.65]"
St.-Chinian,23097,Valid,L6,,1959-01-01T00:00:00.000,43.433330,2.950000,"[2.95, 43.43333]"
Ställdalen,23712,Valid,H5,,1876-01-01T00:00:00.000,59.933330,14.950000,"[14.95, 59.93333]"
Stannern,23713,Valid,Eucrite-mmict,,1808-01-01T00:00:00.000,49.283330,15.566670,"[15.56667, 49.28333]"
Stavropol,23717,Valid,L6,,1857-01-01T00:00:00.000,45.050000,41.983330,"[41.98333, 45.05]"
Ste. Marguerite,23099,Valid,H4,,1962-01-01T00:00:00.000,50.766670,3.000000,"[3, 50.76667]"
Sterlitamak,23724,Valid,"Iron, IIIAB",,1990-01-01T00:00:00.000,53.666670,55.983330,"[55.98333, 53.66667]"
Stolzenau,23726,Valid,Stone-uncl,,1647-01-01T00:00:00.000,52.533330,9.050000,"[9.05, 52.53333]"
Stratford,23728,Valid,L6,,1974-01-01T00:00:00.000,41.200000,-73.133330,"[-73.13333, 41.2]"
Strathmore,23729,Valid,L6,,1917-01-01T00:00:00.000,56.583330,-3.250000,"[-3.25, 56.58333]"
Stretchleigh,23732,Valid,Stone-uncl,,1623-01-01T00:00:00.000,50.383330,-3.950000,"[-3.95, 50.38333]"
St-Robert,23733,Valid,H5,,1994-01-01T00:00:00.000,45.968610,-72.978060,"[-72.97806, 45.96861]"
Success,23736,Valid,L6,,1924-01-01T00:00:00.000,36.483330,-90.666670,"[-90.66667, 36.48333]"
Suchy Dul,23737,Valid,L6,,1969-01-01T00:00:00.000,50.538060,16.263330,"[16.26333, 50.53806]"
Suizhou,23738,Valid,L6,,1986-01-01T00:00:00.000,31.616670,113.466670,"[113.46667, 31.61667]"
Sulagiri,48951,Valid,LL6,,2008-01-01T00:00:00.000,12.666670,78.033330,"[78.03333, 12.66667]"
Sultanpur,23741,Valid,L/LL6,,1916-01-01T00:00:00.000,25.933330,84.283330,"[84.28333, 25.93333]"
Sungach,23745,Valid,H5,,1935-01-01T00:00:00.000,44.866670,133.166670,"[133.16667, 44.86667]"
Supuhee,23760,Valid,H6,,1865-01-01T00:00:00.000,26.716670,84.216670,"[84.21667, 26.71667]"
Sutter's Mill,55529,Valid,C,,2012-01-01T00:00:00.000,38.803890,-120.908060,"[-120.90806, 38.80389]"
Sylacauga,23773,Valid,H4,,1954-01-01T00:00:00.000,33.188360,-86.294500,"[-86.2945, 33.18836]"
Tabor,23776,Valid,H5,,1753-01-01T00:00:00.000,49.400000,14.650000,"[14.65, 49.4]"
Tadjera,23778,Valid,L5,,1867-01-01T00:00:00.000,36.183330,5.416670,"[5.41667, 36.18333]"
Tagish Lake,23782,Valid,C2-ung,,2000-01-01T00:00:00.000,59.704440,-134.201390,"[-134.20139, 59.70444]"
Tahara,23784,Valid,H4/5,,1991-01-01T00:00:00.000,34.720000,137.305000,"[137.305, 34.72]"
Takenouchi,23789,Valid,H5,,1880-01-01T00:00:00.000,35.383330,134.900000,"[134.9, 35.38333]"
Talampaya,23791,Valid,Eucrite-cm,,1995-01-01T00:00:00.000,,,[]
Tambakwatu,23795,Valid,L6,,1975-01-01T00:00:00.000,-7.750000,112.766670,"[112.76667, -7.75]"
Tamdakht,48691,Valid,H5,,2008-01-01T00:00:00.000,31.163330,-7.015000,"[-7.015, 31.16333]"
Tané,23801,Valid,L5,,1918-01-01T00:00:00.000,35.433330,136.233330,"[136.23333, 35.43333]"
Taonan,23873,Valid,L5,,1965-01-01T00:00:00.000,45.400000,122.900000,"[122.9, 45.4]"
Tatahouine,23884,Valid,Diogenite,,1931-01-01T00:00:00.000,32.950000,10.416670,"[10.41667, 32.95]"
Tathlith,23885,Valid,L6,,1967-01-01T00:00:00.000,19.383330,43.733330,"[43.73333, 19.38333]"
Tauk,23887,Valid,L6,,1929-01-01T00:00:00.000,35.133330,44.450000,"[44.45, 35.13333]"
Tauti,23888,Valid,L6,,1937-01-01T00:00:00.000,46.716670,23.500000,"[23.5, 46.71667]"
Tenham,23897,Valid,L6,,1879-01-01T00:00:00.000,-25.733330,142.950000,"[142.95, -25.73333]"
Tennasilm,23898,Valid,L4,,1872-01-01T00:00:00.000,58.033330,26.950000,"[26.95, 58.03333]"
Thal,23908,Valid,H6,,1950-01-01T00:00:00.000,33.400000,70.600000,"[70.6, 33.4]"
Thika,54493,Valid,L6,,2011-01-01T00:00:00.000,-1.002780,37.150280,"[37.15028, -1.00278]"
Thuathe,23976,Valid,H4/5,,2002-01-01T00:00:00.000,-29.333330,27.583330,"[27.58333, -29.33333]"
Tianzhang,23984,Valid,H5,,1986-01-01T00:00:00.000,32.946670,118.990000,"[118.99, 32.94667]"
Tieschitz,23989,Valid,H/L3.6,,1878-01-01T00:00:00.000,49.600000,17.116670,"[17.11667, 49.6]"
Tilden,23998,Valid,L6,,1927-01-01T00:00:00.000,38.200000,-89.683330,"[-89.68333, 38.2]"
Tillaberi,23999,Valid,L6,,1970-01-01T00:00:00.000,14.250000,1.533330,"[1.53333, 14.25]"
Timochin,24004,Valid,H5,,1807-01-01T00:00:00.000,54.500000,35.200000,"[35.2, 54.5]"
Tirupati,24009,Valid,H6,,1934-01-01T00:00:00.000,13.633330,79.416670,"[79.41667, 13.63333]"
Tissint,54823,Valid,Martian (shergottite),,2011-01-01T00:00:00.000,29.481950,-7.611230,"[-7.61123, 29.48195]"
Tjabe,24011,Valid,H6,,1869-01-01T00:00:00.000,-7.083330,111.533330,"[111.53333, -7.08333]"
Tjerebon,24012,Valid,L5,,1922-01-01T00:00:00.000,-6.666670,106.583330,"[106.58333, -6.66667]"
Tomakovka,24019,Valid,LL6,,1905-01-01T00:00:00.000,47.850000,34.766670,"[34.76667, 47.85]"
